number,title,author,state,merged,area,created_at,merged_at,closed_at,days_open,quarter
"4509","Don't underline ordinals in nav bar","casey","closed","true","other","2026-03-29T20:46:47Z","2026-03-29T20:54:04Z","2026-03-29T20:54:04Z","0.01","2026-Q1"
"4508","Add JSON support to gallery endpoint","twosatsmaxi","open","false","api","2026-03-28T15:01:46Z","","","","2026-Q1"
"4506","Update inscription field docs","casey","closed","true","other","2026-03-28T03:06:34Z","2026-03-29T20:36:40Z","2026-03-29T20:36:40Z","1.73","2026-Q1"
"4505","Release 0.27.1","casey","closed","true","other","2026-03-28T02:15:19Z","2026-03-29T20:18:54Z","2026-03-29T20:18:54Z","1.75","2026-Q1"
"4504","Inscription Memos","bruffstar","closed","false","other","2026-03-26T23:25:18Z","","2026-03-30T19:09:36Z","3.82","2026-Q1"
"4503","Highlight active nav link","casey","closed","true","other","2026-03-25T01:54:03Z","2026-03-25T17:29:19Z","2026-03-25T17:29:19Z","0.65","2026-Q1"
"4502","Filter invalid parents","casey","closed","true","other","2026-03-24T04:17:12Z","2026-03-25T17:21:30Z","2026-03-25T17:21:30Z","1.54","2026-Q1"
"4501","Add /r/properties/ recursive endpoint","bruffstar","open","false","api","2026-03-18T03:22:51Z","","","","2026-Q1"
"4500","Add recursive endpoints for gallery (/r/gallery/)","shroomtoshi","open","false","feat","2026-03-11T20:23:16Z","","","","2026-Q1"
"4499","Add RPC client pool for concurrent API requests","utxo-detective","open","false","api","2026-03-11T05:38:54Z","","","","2026-Q1"
"4498","Add --disable-output-confirmations flag","utxo-detective","open","false","cli","2026-03-11T04:17:23Z","","","","2026-Q1"
"4497","Release 0.27.0","casey","closed","true","other","2026-03-10T21:57:37Z","2026-03-10T22:07:26Z","2026-03-10T22:07:26Z","0.01","2026-Q1"
"4496","ADD /r/block/{query}/tx for block tx recursion","dave4506","open","false","indexer","2026-03-10T03:29:00Z","","","","2026-Q1"
"4495","Reduce test thread contention","casey","closed","true","test","2026-03-09T20:58:32Z","2026-03-10T20:12:58Z","2026-03-10T20:12:58Z","0.97","2026-Q1"
"4494","Return error when exporting addresses without address index","Bortlesboat","open","false","indexer","2026-03-08T16:27:56Z","","","","2026-Q1"
"4493","Add `/missing` endpoint for checking if inscriptions exists","casey","closed","true","api","2026-03-07T20:31:09Z","2026-03-10T19:58:07Z","2026-03-10T19:58:07Z","2.98","2026-Q1"
"4492","Split CI workflow into docs, lint, and test files","Bortlesboat","closed","false","test","2026-03-04T18:21:46Z","","2026-03-08T21:23:19Z","4.13","2026-Q1"
"4490","Pack gallery TXIDs","casey","closed","true","other","2026-03-04T01:19:28Z","2026-03-10T21:44:26Z","2026-03-10T21:44:26Z","6.85","2026-Q1"
"4488","Don't show hidden inscriptions on /collections or /galleries","casey","closed","true","other","2026-03-01T22:36:25Z","2026-03-02T22:15:51Z","2026-03-02T22:15:51Z","0.99","2026-Q1"
"4487","Allow missing current index when swapping","casey","closed","true","indexer","2026-02-28T20:48:04Z","2026-02-28T22:26:33Z","2026-02-28T22:26:33Z","0.07","2026-Q1"
"4485","Release 0.26.0","casey","closed","true","other","2026-02-26T20:41:36Z","2026-02-26T20:52:19Z","2026-02-26T20:52:19Z","0.01","2026-Q1"
"4484","Add homepage sections and /latest route","casey","closed","false","api","2026-02-16T03:04:28Z","","2026-03-10T22:21:14Z","22.8","2026-Q1"
"4483","Increase properties compression ratio to 30:1","casey","closed","true","other","2026-02-15T21:19:56Z","2026-02-23T21:46:29Z","2026-02-23T21:46:29Z","8.02","2026-Q1"
"4482","Make deploy script work with tags and hashes","casey","closed","false","other","2026-02-14T00:29:14Z","","2026-02-16T19:38:53Z","2.8","2026-Q1"
"4481","Skip BRC-20 inscriptions during indexing","lifofifoX","closed","false","other","2026-02-13T21:41:57Z","","2026-02-13T21:59:59Z","0.01","2026-Q1"
"4479","Add Opus audio transcoder","TatianaMoroz","closed","false","feat","2026-02-12T08:04:36Z","","2026-03-10T20:10:52Z","26.5","2026-Q1"
"4476","Add gallery backlink to item page","casey","closed","true","feat","2026-02-10T06:30:26Z","2026-02-12T00:29:47Z","2026-02-12T00:29:47Z","1.75","2026-Q1"
"4475","Reverse /collections page order","casey","closed","true","other","2026-02-10T06:14:48Z","2026-02-12T00:11:11Z","2026-02-12T00:11:11Z","1.75","2026-Q1"
"4474","Cache RPC client in TestServer","casey","closed","true","other","2026-02-09T23:33:33Z","2026-02-09T23:41:41Z","2026-02-09T23:41:42Z","0.01","2026-Q1"
"4473","Remove redundant mockcore health-check polling","casey","closed","true","other","2026-02-09T23:21:15Z","2026-02-09T23:30:48Z","2026-02-09T23:30:48Z","0.01","2026-Q1"
"4472","Use shallow clones in release recipes","casey","closed","true","other","2026-02-09T23:10:27Z","2026-02-09T23:16:32Z","2026-02-09T23:16:33Z","0","2026-Q1"
"4471","Fix bin/package","casey","closed","true","fix","2026-02-09T22:56:02Z","2026-02-09T23:02:38Z","2026-02-09T23:02:38Z","0","2026-Q1"
"4470","Fix bin/package","casey","closed","true","fix","2026-02-09T22:31:39Z","2026-02-09T22:41:48Z","2026-02-09T22:41:48Z","0.01","2026-Q1"
"4469","Release 0.25.0","casey","closed","true","other","2026-02-09T22:11:21Z","2026-02-09T22:24:45Z","2026-02-09T22:24:45Z","0.01","2026-Q1"
"4468","Improve test performance","casey","closed","false","test","2026-02-09T03:30:24Z","","2026-02-10T02:46:35Z","0.97","2026-Q1"
"4467","Paginate gallery items","lifofifoX","closed","true","other","2026-02-08T18:04:45Z","2026-02-09T21:47:07Z","2026-02-09T21:47:07Z","1.15","2026-Q1"
"4466","Avoid `set-output` on CI","casey","closed","true","other","2026-02-08T07:21:57Z","2026-02-09T20:32:10Z","2026-02-09T20:32:10Z","1.55","2026-Q1"
"4465","Avoid port allocation race condition in unit tests","casey","closed","true","other","2026-02-08T03:15:04Z","2026-02-09T20:40:50Z","2026-02-09T20:40:50Z","1.73","2026-Q1"
"4463","Enforce a maximum compression ratio for properties of 10:1","casey","closed","true","other","2026-02-06T23:06:44Z","2026-02-06T23:40:59Z","2026-02-06T23:40:59Z","0.02","2026-Q1"
"4462","Add property compression","casey","closed","true","feat","2026-02-05T22:50:15Z","2026-02-06T22:27:20Z","2026-02-06T22:27:20Z","0.98","2026-Q1"
"4461","Add configurable premine postage for rune etching","ldiego08","open","false","runes","2026-02-04T20:41:23Z","","","","2026-Q1"
"4460","Reuse unused change addresses","ldiego08","open","false","other","2026-02-02T23:22:49Z","","","","2026-Q1"
"4459","Simplify minicbor property decoding","casey","closed","true","other","2026-02-02T00:15:37Z","2026-02-05T20:24:18Z","2026-02-05T20:24:18Z","3.84","2026-Q1"
"4458","CONTRIBUTING to satoshi1BTC/ord","satoshi1BTC","closed","false","other","2026-02-01T13:34:42Z","","2026-02-05T20:34:12Z","4.29","2026-Q1"
"4456","Remove dependency on executable-path","casey","closed","true","other","2026-01-20T21:24:30Z","2026-01-20T21:31:15Z","2026-01-20T21:31:15Z","0","2026-Q1"
"4455","Relax OP_RETURN limit from 83 to 100,000 bytes","EricGrill","open","false","other","2026-01-14T07:00:52Z","","","","2026-Q1"
"4454","Add --op-return flag to `ord wallet send`","EricGrill","open","false","wallet","2026-01-14T06:43:08Z","","","","2026-Q1"
"4453","Split CI GitHub workflows into 3 files","EricGrill","closed","false","other","2026-01-14T06:39:48Z","","2026-03-08T21:23:24Z","53.61","2026-Q1"
"4452","Refresh Bitcoin Core RPC client on authentication failure","RobertClarke","open","false","other","2026-01-04T19:07:04Z","","","","2026-Q1"
"4451","fix: set internal=false on recovery key descriptor import","8144225309","closed","true","fix","2026-01-04T10:14:32Z","2026-01-29T02:51:40Z","2026-01-29T02:51:40Z","24.69","2026-Q1"
"4449","Use title instead of inscription number when present","lifofifoX","closed","true","other","2025-12-11T01:12:18Z","2025-12-21T21:15:57Z","2025-12-21T21:15:57Z","10.84","2025-Q4"
"4448","Update to boilerplate 1.1.0","casey","closed","true","other","2025-12-03T21:25:25Z","2025-12-10T22:05:05Z","2025-12-10T22:05:05Z","7.03","2025-Q4"
"4447","Cache BRC20 inscriptions to a new table for filtering","haozhiliu","closed","false","other","2025-12-01T05:05:55Z","","2025-12-01T05:06:24Z","0","2025-Q4"
"4446","Remove Runes","portlandhodl","closed","false","runes","2025-11-27T17:47:40Z","","2025-11-27T17:50:00Z","0","2025-Q4"
"4445","Fix typo in README description of ordinals","maradini77","closed","false","docs","2025-11-27T14:59:25Z","","2025-12-21T21:10:33Z","24.26","2025-Q4"
"4444","chore(ci): upgrade checkout to v6","rejected-l","closed","false","other","2025-11-24T08:53:45Z","","2025-12-21T21:17:09Z","27.52","2025-Q4"
"4441","Release 0.24.2","casey","closed","true","other","2025-11-16T02:40:50Z","2025-11-16T02:58:48Z","2025-11-16T02:58:48Z","0.01","2025-Q4"
"4440","Fix trait template description list","casey","closed","true","fix","2025-11-16T02:31:06Z","2025-11-16T02:37:25Z","2025-11-16T02:37:25Z","0","2025-Q4"
"4439","Don't error if block inscription page request is out of range","casey","closed","true","indexer","2025-11-14T20:54:40Z","2025-11-14T21:45:07Z","2025-11-14T21:45:07Z","0.04","2025-Q4"
"4438","Log index creation","casey","closed","true","indexer","2025-11-14T19:58:39Z","2025-11-14T20:57:27Z","2025-11-14T20:57:27Z","0.04","2025-Q4"
"4437","Release 0.24.1","casey","closed","true","other","2025-11-13T23:31:18Z","2025-11-13T23:37:25Z","2025-11-13T23:37:25Z","0","2025-Q4"
"4436","Bump schema version","casey","closed","true","other","2025-11-13T23:21:18Z","2025-11-13T23:27:15Z","2025-11-13T23:27:15Z","0","2025-Q4"
"4434","Release 0.24.0","casey","closed","true","other","2025-11-12T23:25:50Z","2025-11-12T23:40:00Z","2025-11-12T23:40:00Z","0.01","2025-Q4"
"4433","Add structured name/value traits","casey","closed","true","feat","2025-11-11T22:54:27Z","2025-11-12T23:14:42Z","2025-11-12T23:14:42Z","1.01","2025-Q4"
"4432","docs: minor improvement for docs","huyejia","closed","false","other","2025-11-06T06:23:53Z","","2025-11-12T22:01:53Z","6.65","2025-Q4"
"4430","3 fixes to runes specification:","gmart7t2","closed","true","runes","2025-11-01T12:53:19Z","2025-11-12T21:56:59Z","2025-11-12T21:56:59Z","11.38","2025-Q4"
"4429","Replace usage of `lazy_static` with `std::sync::LazyLock`","terror","closed","true","other","2025-10-31T16:46:47Z","2025-11-12T22:51:52Z","2025-11-12T22:51:52Z","12.25","2025-Q4"
"4426","Add properties and metaprotocol to inscription docs","casey","closed","true","recursive","2025-10-30T18:50:57Z","2025-10-30T19:03:59Z","2025-10-30T19:03:59Z","0.01","2025-Q4"
"4425","Return properties from inscription JSON API","casey","closed","true","api","2025-10-29T23:10:55Z","2025-10-30T18:48:56Z","2025-10-30T18:48:56Z","0.82","2025-Q4"
"4424","Add attributes to inscriptions and gallery items","casey","closed","true","feat","2025-10-29T19:15:23Z","2025-10-29T22:37:42Z","2025-10-29T22:37:42Z","0.14","2025-Q4"
"4423","Use single properties struct","casey","closed","true","other","2025-10-27T22:42:33Z","2025-10-27T23:10:42Z","2025-10-27T23:10:43Z","0.02","2025-Q4"
"4421","64 digit numbers are txids not inscription numbers or block heights","gmart7t2","closed","true","indexer","2025-10-19T23:57:15Z","2025-10-30T19:18:07Z","2025-10-30T19:18:07Z","10.81","2025-Q4"
"4420","chore: fix typo in src/fund_raw_transaction.rs","stemlaud","closed","true","fix","2025-10-13T09:27:04Z","2025-10-13T23:02:53Z","2025-10-13T23:02:53Z","0.57","2025-Q4"
"4418","Don't cache negative sat index responses","casey","closed","true","indexer","2025-10-12T21:03:10Z","2025-10-12T23:35:17Z","2025-10-12T23:35:17Z","0.11","2025-Q4"
"4417","Update install script to use Bitcoin Core 30","casey","closed","true","other","2025-10-12T01:08:07Z","2025-10-12T23:21:10Z","2025-10-12T23:21:10Z","0.93","2025-Q4"
"4413","Update ci.yaml","Pray4Love1","closed","false","other","2025-09-25T21:04:07Z","","2025-10-12T23:14:07Z","17.09","2025-Q3"
"4412","Update to Rust 2024","casey","closed","true","other","2025-09-24T20:48:42Z","2025-09-24T21:13:21Z","2025-09-24T21:13:21Z","0.02","2025-Q3"
"4411","Release 0.23.3","casey","closed","true","other","2025-09-19T20:21:02Z","2025-09-20T00:09:46Z","2025-09-20T00:09:46Z","0.16","2025-Q3"
"4410","Add sweeping section to satscard guide","casey","closed","true","feat","2025-09-18T21:31:05Z","2025-09-19T20:19:55Z","2025-09-19T20:19:55Z","0.95","2025-Q3"
"4409","Allow submitting offers with `ord wallet offer create`","casey","closed","true","wallet","2025-09-18T20:09:48Z","2025-09-18T20:28:18Z","2025-09-18T20:28:18Z","0.01","2025-Q3"
"4408","Add offer submission endpoint","casey","closed","true","api","2025-09-15T21:06:48Z","2025-09-16T20:42:10Z","2025-09-16T20:42:10Z","0.98","2025-Q3"
"4407","Allow swapping inscriptions using the offers command","SatoshiRoppongi","open","false","cli","2025-09-14T02:57:27Z","","","","2025-Q3"
"4406","Add a complete Japanese translation","SatoshiRoppongi","closed","true","feat","2025-09-10T02:09:15Z","2025-10-12T23:44:41Z","2025-10-12T23:44:41Z","32.9","2025-Q3"
"4405","Add /galleries page","SatoshiRoppongi","closed","true","feat","2025-09-10T01:48:13Z","2026-02-05T22:32:59Z","2026-02-05T22:32:59Z","148.86","2025-Q3"
"4403","Fix typo in README","prestoalvarez","closed","false","docs","2025-09-08T19:10:12Z","","2025-10-12T22:52:08Z","34.15","2025-Q3"
"4402","test: add case showing docs error message mismatch","ASuciuX","closed","false","test","2025-09-08T16:26:15Z","","2025-09-09T20:16:37Z","1.16","2025-Q3"
"4401","Add /galleries page","SatoshiRoppongi","closed","false","feat","2025-09-08T10:50:40Z","","2025-09-10T01:51:13Z","1.63","2025-Q3"
"4400","avoid temporary value drop in fund_raw_transaction","stutxo","closed","false","other","2025-08-31T03:36:01Z","","2025-08-31T03:48:45Z","0.01","2025-Q3"
"4399","[Work In Progress] Track custom satoshis","dannydeezy","closed","false","other","2025-08-26T18:28:26Z","","2025-08-26T18:37:51Z","0.01","2025-Q3"
"4397","feat: Index mempool transactions and add --index-mempool flag","Jesusbrito04","closed","false","indexer","2025-08-22T22:02:01Z","","2025-08-22T22:02:49Z","0","2025-Q3"
"4396","Fix lints","casey","closed","true","fix","2025-08-20T20:52:00Z","2025-08-20T21:10:10Z","2025-08-20T21:10:10Z","0.01","2025-Q3"
"4394","Add wallet sweep command","raphjaph","closed","true","wallet","2025-08-18T19:37:53Z","2025-08-24T00:13:06Z","2025-08-24T00:13:06Z","5.19","2025-Q3"
"4392","chore(ci): upgrade checkout to v5","rejected-l","closed","true","other","2025-08-12T10:52:47Z","2025-10-12T23:12:18Z","2025-10-12T23:12:18Z","61.51","2025-Q3"
"4388","docs: fix broken link","MozirDmitriy","closed","false","fix","2025-07-30T09:49:51Z","","2025-10-12T23:13:08Z","74.56","2025-Q3"
"4387","Annex inscriptions","joshdoman","open","false","other","2025-07-27T19:00:32Z","","","","2025-Q3"
"4386","Implement pagination for home page","Jesusbrito04","open","false","feat","2025-07-22T22:43:02Z","","","","2025-Q3"
"4385","Update deps and fmt","raphjaph","closed","true","refactor","2025-07-22T20:46:19Z","2025-07-22T20:59:49Z","2025-07-22T20:59:49Z","0.01","2025-Q3"
"4382","[Example] Trustless Ordinals Offer via PSBT (Testnet Simulation)","Pray4Love1","closed","false","wallet","2025-07-19T03:18:36Z","","2025-10-12T22:47:22Z","85.81","2025-Q3"
"4381","Fix typo in API route example","Galoretka","closed","true","api","2025-07-16T14:13:06Z","2025-07-22T20:36:21Z","2025-07-22T20:36:21Z","6.27","2025-Q3"
"4377","import descriptor on `--dry-run`","felipelincoln","open","false","other","2025-07-03T20:38:47Z","","","","2025-Q3"
"4374","Implement pagination for home inscriptions","Jesusbrito04","closed","false","feat","2025-07-01T04:09:34Z","","2025-07-22T22:28:46Z","21.76","2025-Q3"
"4373","Placate clippy","raphjaph","closed","true","refactor","2025-06-29T19:33:35Z","2025-06-29T19:44:26Z","2025-06-29T19:44:26Z","0.01","2025-Q2"
"4371","Allow inscribing with backup and Core v29","gmart7t2","closed","true","other","2025-06-22T22:16:34Z","2025-06-30T17:44:51Z","2025-06-30T17:44:51Z","7.81","2025-Q2"
"4370","[CHANGELOG.md]: fix misspelling of 'receive'","kks-code","closed","false","docs","2025-06-21T11:14:37Z","","2025-06-29T19:06:42Z","8.33","2025-Q2"
"4366","fix spelling issues CHANGELOG.md","davidjsonn","closed","false","docs","2025-06-06T09:10:27Z","","2025-06-29T19:05:48Z","23.41","2025-Q2"
"4363","chore: edited the downloads badge","Olexandr88","closed","false","other","2025-05-25T11:19:13Z","","2025-06-25T14:32:41Z","31.13","2025-Q2"
"4359","Paginate gallery","SatoshiRoppongi","open","false","other","2025-05-21T09:22:08Z","","","","2025-Q2"
"4357","Add feng shui based satoshi numeric luck score","casey","closed","false","feat","2025-05-20T21:29:12Z","","2026-02-16T02:56:16Z","271.23","2025-Q2"
"4356","Update minimum Rust version to 1.85.0","blieb","closed","true","other","2025-05-20T20:45:01Z","2025-06-29T19:57:40Z","2025-06-29T19:57:40Z","39.97","2025-Q2"
"4355","Use `unversioned_leaf_script_from_witness()`","casey","closed","true","other","2025-05-20T20:27:59Z","2025-05-20T20:37:30Z","2025-05-20T20:37:30Z","0.01","2025-Q2"
"4354","Release 0.23.2","casey","closed","true","other","2025-05-20T18:54:11Z","2025-05-20T19:11:10Z","2025-05-20T19:11:10Z","0.01","2025-Q2"
"4353","Bump minimum required Rust version to 1.81.0","casey","closed","true","other","2025-05-20T17:39:29Z","2025-05-20T17:48:06Z","2025-05-20T17:48:06Z","0.01","2025-Q2"
"4351","Update Dockerfile rust image","actuallycabbage","closed","true","other","2025-05-19T17:53:16Z","2025-05-20T18:07:59Z","2025-05-20T18:07:59Z","1.01","2025-Q2"
"4350","Fix clippy errors","raphjaph","closed","true","refactor","2025-05-16T22:50:00Z","2025-05-16T23:05:30Z","2025-05-16T23:05:30Z","0.01","2025-Q2"
"4348","Fix typo in recursion.md","furo-tests-in-prod","closed","true","fix","2025-05-10T16:10:03Z","2025-05-16T23:30:52Z","2025-05-16T23:30:52Z","6.31","2025-Q2"
"4347","Fix typo in faq.md","furo-tests-in-prod","closed","true","fix","2025-05-10T16:09:18Z","2025-05-16T23:19:11Z","2025-05-16T23:19:11Z","6.3","2025-Q2"
"4341","Show minted runes on /block","xinyijun","open","false","indexer","2025-05-05T17:23:36Z","","","","2025-Q2"
"4337","chore: fix minor typos","GarmashAlex","closed","true","fix","2025-04-30T16:18:53Z","2025-04-30T22:24:50Z","2025-04-30T22:24:50Z","0.25","2025-Q2"
"4332","add link to bip-39 documentation","gap-editor","closed","true","feat","2025-04-25T12:22:00Z","2025-04-29T19:39:33Z","2025-04-29T19:39:33Z","4.3","2025-Q2"
"4330","ci: bump actions/checkout to v4","dizer-ti","closed","true","other","2025-04-23T09:23:33Z","2025-04-29T19:12:04Z","2025-04-29T19:12:04Z","6.41","2025-Q2"
"4329","Rpc client retries when 'Resource temporarily unavailable'","SmarakNayak","closed","true","other","2025-04-20T04:54:02Z","2025-04-29T18:59:03Z","2025-04-29T18:59:03Z","9.59","2025-Q2"
"4328","chore: fix grammatical errors","VolodymyrBg","closed","true","fix","2025-04-17T16:13:09Z","2025-04-30T14:52:27Z","2025-04-30T14:52:27Z","12.94","2025-Q2"
"4327","Update moderation.md","0xbasar","closed","true","other","2025-04-15T02:52:33Z","2025-04-29T19:50:15Z","2025-04-29T19:50:15Z","14.71","2025-Q2"
"4326","Allow inscribing JPEG XL","casey","closed","true","other","2025-04-10T20:14:38Z","2025-04-12T22:20:56Z","2025-04-12T22:20:56Z","2.09","2025-Q2"
"4325","Move ethereum teleburn address out of details","casey","closed","true","other","2025-04-10T18:57:40Z","2025-04-13T19:50:02Z","2025-04-13T19:50:02Z","3.04","2025-Q2"
"4324","Update sparrow-wallet.md","owenzimmew06","closed","true","wallet","2025-04-08T09:36:16Z","2025-04-13T18:28:27Z","2025-04-13T18:28:27Z","5.37","2025-Q2"
"4323","Don't display `(expected)` when rune has already unlocked","casey","closed","true","runes","2025-04-07T19:49:38Z","2025-04-07T20:13:07Z","2025-04-07T20:13:07Z","0.02","2025-Q2"
"4322","Fix typos in documentation and comments","leopardracer","closed","true","fix","2025-04-06T10:48:56Z","2025-04-13T18:19:55Z","2025-04-13T18:19:55Z","7.31","2025-Q2"
"4316","Release 0.23.1","casey","closed","true","other","2025-04-02T00:29:23Z","2025-04-02T00:41:48Z","2025-04-02T00:41:48Z","0.01","2025-Q2"
"4315","Don't wrap iframe media types in preview page","casey","closed","true","content","2025-04-01T23:00:06Z","2025-04-02T00:25:07Z","2025-04-02T00:25:07Z","0.06","2025-Q2"
"4314","Add security section to handbook","casey","closed","true","feat","2025-04-01T21:11:31Z","2025-04-01T21:39:26Z","2025-04-01T21:39:26Z","0.02","2025-Q2"
"4313","Create watch-only Bitcoin Core wallet","raphjaph","closed","true","wallet","2025-04-01T21:06:27Z","2026-01-19T22:00:13Z","2026-01-19T22:00:13Z","293.04","2025-Q2"
"4312","Always store script pubkey in output table (#4254)","raphjaph","open","false","other","2025-04-01T20:43:06Z","","","","2025-Q2"
"4311","Release 0.23.0","casey","closed","true","other","2025-03-31T19:15:44Z","2025-03-31T22:17:32Z","2025-03-31T22:17:32Z","0.13","2025-Q1"
"4308","Fill iframe when displaying images under /thumbnail","qvkare","closed","false","other","2025-03-29T18:57:03Z","","2025-04-01T18:39:28Z","2.99","2025-Q1"
"4307","Enrich transfer events brc20 field","haozhiliu","closed","false","other","2025-03-28T22:15:23Z","","2025-03-28T22:15:36Z","0","2025-Q1"
"4306","Add search index","terror","closed","false","indexer","2025-03-27T18:50:25Z","","2025-12-19T15:49:37Z","266.87","2025-Q1"
"4305","Allow downloads on iframe previews","casey","closed","false","other","2025-03-27T06:49:56Z","","2026-02-16T03:00:16Z","325.84","2025-Q1"
"4297","Use `background-size: cover` for image thumbnails","casey","closed","false","other","2025-03-25T09:06:09Z","","2025-04-01T18:47:16Z","7.4","2025-Q1"
"4295","Serve thumbnails at /thumbnail","casey","closed","true","other","2025-03-24T23:47:04Z","2025-03-25T01:50:38Z","2025-03-25T01:50:38Z","0.09","2025-Q1"
"4294","Delete testnet instances","raphjaph","closed","true","other","2025-03-24T20:22:46Z","2025-03-24T20:30:04Z","2025-03-24T20:30:04Z","0.01","2025-Q1"
"4293","Index Runes explicitly spent to op_return","lifofifoX","closed","false","indexer","2025-03-23T18:52:56Z","","2026-02-13T20:57:24Z","327.09","2025-Q1"
"4292","Render borders around thumbnails","casey","closed","true","content","2025-03-22T18:01:17Z","2025-03-24T19:29:07Z","2025-03-24T19:29:07Z","2.06","2025-Q1"
"4289","Fix degree notation examples in docs","casey","closed","true","fix","2025-03-22T01:07:11Z","2025-03-22T01:19:41Z","2025-03-22T01:19:41Z","0.01","2025-Q1"
"4288","Recognize inscriptions with content type `audio/ogg` as audio","casey","closed","true","content","2025-03-22T00:28:13Z","2025-03-22T01:09:02Z","2025-03-22T01:09:02Z","0.03","2025-Q1"
"4287","Move /r/utxo to recursive module","raphjaph","closed","true","wallet","2025-03-21T21:35:27Z","2025-03-21T22:07:54Z","2025-03-21T22:07:54Z","0.02","2025-Q1"
"4286","Move /r/utxo to recursive module","raphjaph","closed","false","wallet","2025-03-21T21:02:20Z","","2025-03-21T21:33:36Z","0.02","2025-Q1"
"4284","Allow any sat notation in sat endpoints.","gmart7t2","open","false","other","2025-03-20T17:31:13Z","","","","2025-Q1"
"4282","Rune buy offers","joshdoman","open","false","runes","2025-03-20T12:50:46Z","","","","2025-Q1"
"4281","Enable json response on `/children` routes","felipelincoln","closed","true","api","2025-03-20T12:05:40Z","2025-07-22T21:41:14Z","2025-07-22T21:41:14Z","124.4","2025-Q1"
"4280","Rune Offers (Buy & Sell)","joshdoman","closed","false","runes","2025-03-18T01:16:06Z","","2025-03-19T19:57:40Z","1.78","2025-Q1"
"4275","Stop producing most of BRC20 transfer events to Kafka (only send 'transfer' inscription once)","haozhiliu","closed","false","wallet","2025-03-11T10:46:25Z","","2025-03-11T10:46:39Z","0","2025-Q1"
"4274","Change rare and epic satoshi examples in doc to be valid satoshis","jtraub91","closed","false","docs","2025-03-10T19:55:47Z","","2025-03-22T01:21:59Z","11.23","2025-Q1"
"4272","Better preview titles","jtraub91","closed","true","content","2025-03-10T17:54:56Z","2025-03-24T18:22:17Z","2025-03-24T18:22:17Z","14.02","2025-Q1"
"4265","Add 'In reserve' Rune Field","VanjaRo","closed","false","runes","2025-03-06T11:24:03Z","","2025-12-05T09:01:49Z","273.9","2025-Q1"
"4263","Rebase bdk","raphjaph","closed","false","other","2025-03-06T00:57:19Z","","2025-03-06T01:00:01Z","0","2025-Q1"
"4262","Rebase bdk","raphjaph","closed","false","other","2025-03-05T23:28:21Z","","2025-03-05T23:29:25Z","0","2025-Q1"
"4261","Rebase bdk","raphjaph","closed","false","other","2025-03-05T23:21:41Z","","2025-03-05T23:23:05Z","0","2025-Q1"
"4259","Include blockhash in /r/utxo response","lifofifoX","closed","false","wallet","2025-03-05T19:15:49Z","","2026-02-13T20:57:28Z","345.07","2025-Q1"
"4258","Wrap iframe media types in preview page","casey","closed","true","content","2025-03-05T01:04:52Z","2025-03-06T01:03:18Z","2025-03-06T01:03:18Z","1","2025-Q1"
"4257","Add confirmations and fix spent in output page and API","raphjaph","closed","true","api","2025-03-04T23:28:40Z","2025-03-24T22:33:28Z","2025-03-24T22:33:28Z","19.96","2025-Q1"
"4255","Runes 2.0 proposal","VanjaRo","closed","false","runes","2025-03-04T16:31:28Z","","2025-03-04T21:43:47Z","0.22","2025-Q1"
"4254","Always store script pubkey in output table","raphjaph","closed","true","other","2025-03-04T13:52:41Z","2025-03-06T01:27:27Z","2025-03-06T01:27:27Z","1.48","2025-Q1"
"4253","Add readme badges","casey","closed","true","docs","2025-03-03T22:58:55Z","2025-03-04T21:50:10Z","2025-03-04T21:50:10Z","0.95","2025-Q1"
"4252","Migrate to BDK wallet","raphjaph","open","false","wallet","2025-03-03T18:56:22Z","","","","2025-Q1"
"4250","Move CI LANGUAGES variable into job that uses it","casey","closed","true","other","2025-03-01T18:10:49Z","2025-03-01T18:51:15Z","2025-03-01T18:51:15Z","0.03","2025-Q1"
"4249","Make ParsedEnvelope and Envelope public","NCrashed","closed","true","other","2025-02-28T17:28:27Z","2025-03-05T22:56:07Z","2025-03-05T22:56:07Z","5.23","2025-Q1"
"4248","Possible typo here: 3.md","oxbau","closed","true","other","2025-02-28T13:04:00Z","2025-02-28T22:26:09Z","2025-02-28T22:26:09Z","0.39","2025-Q1"
"4244","docs: redacted twitter nickname","Olexandr88","closed","false","other","2025-02-26T13:12:43Z","","2025-02-28T21:31:08Z","2.35","2025-Q1"
"4243","Extend properties CDDL with attributes","casey","closed","false","other","2025-02-26T00:24:19Z","","2025-11-17T22:40:29Z","264.93","2025-Q1"
"4242","Fix content security audit binary","casey","closed","true","content","2025-02-25T23:10:33Z","2025-02-28T21:41:57Z","2025-02-28T21:41:57Z","2.94","2025-Q1"
"4240","docs: Fix wrong title link","costcould","closed","true","fix","2025-02-25T15:57:25Z","2025-02-25T17:13:49Z","2025-02-25T17:13:49Z","0.05","2025-Q1"
"4238","Allow empty query parameters on /satscard route","casey","closed","true","api","2025-02-22T01:25:12Z","2025-02-22T15:50:47Z","2025-02-22T15:50:47Z","0.6","2025-Q1"
"4235","fix-Update main.rs","0xAlexKorn","closed","false","fix","2025-02-18T20:26:56Z","","2025-02-28T21:36:39Z","10.05","2025-Q1"
"4232","shortening examples in recursion.md","cryptoni9n","closed","true","other","2025-02-17T22:33:01Z","2025-02-18T16:20:20Z","2025-02-18T16:20:20Z","0.74","2025-Q1"
"4231","Migrate create, restore and receive to bdk","raphjaph","closed","true","other","2025-02-15T17:41:11Z","2025-03-03T18:55:31Z","2025-03-03T18:55:31Z","16.05","2025-Q1"
"4228","Never cache `/r/sat/<SAT>/at/<INDEX>/content`","raphjaph","closed","false","indexer","2025-02-13T17:23:55Z","","2025-03-05T23:29:52Z","20.25","2025-Q1"
"4227","chore: fix some typos","renshuncui","closed","true","fix","2025-02-13T14:53:35Z","2025-02-13T17:04:01Z","2025-02-13T17:04:01Z","0.09","2025-Q1"
"4216","Allow CORS content type","raphjaph","closed","true","content","2025-02-10T14:53:25Z","2025-02-10T20:02:50Z","2025-02-10T20:02:50Z","0.21","2025-Q1"
"4215","Upgrade redb to 2.4.0 to improve reorg performance","emilcondrea","closed","true","indexer","2025-02-10T14:47:23Z","2025-02-10T21:29:03Z","2025-02-10T21:29:03Z","0.28","2025-Q1"
"4214","Don't unnecessarily bump pointer by postage for SameSat mode","SmarakNayak","closed","true","other","2025-02-10T07:11:46Z","2025-02-11T23:38:29Z","2025-02-11T23:38:29Z","1.69","2025-Q1"
"4212","Implement galleries","casey","closed","true","feat","2025-02-07T22:28:23Z","2025-02-11T23:52:03Z","2025-02-11T23:52:03Z","4.06","2025-Q1"
"4211","Add blockhashes endpoint at /blockhashes/{start}/{interval}/{page}","cryptoni9n","closed","false","api","2025-02-07T18:46:14Z","","2025-02-10T16:00:49Z","2.89","2025-Q1"
"4210","Allow CORS for POST requests as well","raphjaph","closed","true","other","2025-02-07T15:17:16Z","2025-02-07T22:15:18Z","2025-02-07T22:15:18Z","0.29","2025-Q1"
"4209","An AML-Compliant Freezable Runes Standard","joshdoman","closed","false","runes","2025-02-07T02:52:27Z","","2025-02-08T01:09:54Z","0.93","2025-Q1"
"4205","Proxy recursive sat_at_index_content endpoint","arik-so","closed","true","api","2025-02-01T02:18:43Z","2025-02-02T13:35:54Z","2025-02-02T13:35:54Z","1.47","2025-Q1"
"4204","Use middleware for proxied endpoint","arik-so","closed","true","api","2025-01-29T21:12:32Z","2025-01-29T21:19:59Z","2025-01-29T21:19:59Z","0.01","2025-Q1"
"4202","Remove wildcard dependency","casey","closed","true","other","2025-01-27T22:18:46Z","2025-01-27T22:30:43Z","2025-01-27T22:30:43Z","0.01","2025-Q1"
"4201","Release 0.22.2","casey","closed","true","other","2025-01-27T21:53:32Z","2025-01-27T22:11:04Z","2025-01-27T22:11:04Z","0.01","2025-Q1"
"4200","Move recursive endpoints into dedicated submodule","casey","closed","true","other","2025-01-27T21:32:15Z","2025-01-27T21:45:25Z","2025-01-27T21:45:25Z","0.01","2025-Q1"
"4198","Fix CI","raphjaph","closed","true","fix","2025-01-27T14:44:01Z","2025-01-27T14:55:33Z","2025-01-27T14:55:33Z","0.01","2025-Q1"
"4197","Don't error when listing inscriptions in a block without inscriptions","gmart7t2","closed","true","indexer","2025-01-25T15:16:42Z","2025-01-27T15:18:06Z","2025-01-27T15:18:06Z","2","2025-Q1"
"4195","Inline inscription ID in format string","casey","closed","true","other","2025-01-24T21:22:58Z","2025-01-24T21:32:28Z","2025-01-24T21:32:28Z","0.01","2025-Q1"
"4194","Add .opus to audio types","raphjaph","closed","true","feat","2025-01-24T16:55:33Z","2025-01-24T20:18:52Z","2025-01-24T20:18:52Z","0.14","2025-Q1"
"4193","Use `application/x-bittorrent` media type for `.torrent` files","casey","closed","true","content","2025-01-24T05:18:19Z","2025-01-24T17:12:41Z","2025-01-24T17:12:42Z","0.5","2025-Q1"
"4192","Display locked rune unlock time on /rune","casey","closed","true","runes","2025-01-23T07:09:06Z","2025-01-24T17:29:06Z","2025-01-24T17:29:06Z","1.43","2025-Q1"
"4191","Add configurable max-savepoints and savepoint-interval","emilcondrea","closed","true","feat","2025-01-20T15:36:15Z","2025-01-27T15:08:10Z","2025-01-27T15:08:10Z","6.98","2025-Q1"
"4190","View offers","raphjaph","open","false","other","2025-01-20T11:40:55Z","","","","2025-Q1"
"4189","fix Japanese translation (introduction, overview)","SatoshiRoppongi","closed","true","fix","2025-01-17T23:28:36Z","2025-01-24T20:47:36Z","2025-01-24T20:47:36Z","6.89","2025-Q1"
"4187","Remove double commit for redb bug","raphjaph","closed","false","fix","2025-01-17T17:00:22Z","","2025-01-22T05:41:21Z","4.53","2025-Q1"
"4186","`ord env` less aggressive exit","raphjaph","closed","true","other","2025-01-17T13:36:28Z","2025-01-17T16:42:57Z","2025-01-17T16:42:57Z","0.13","2025-Q1"
"4185","Update minimum Bitcoin version to v28","raphjaph","closed","true","other","2025-01-17T11:32:11Z","2025-01-17T16:07:08Z","2025-01-17T16:07:08Z","0.19","2025-Q1"
"4182","Index CAT-21 ordinals","hans-crypto","closed","false","indexer","2025-01-16T11:07:01Z","","2025-01-16T23:42:48Z","0.52","2025-Q1"
"4181","Enable JSON API on charlie","raphjaph","closed","true","api","2025-01-14T22:07:50Z","2025-01-15T13:34:19Z","2025-01-15T13:34:19Z","0.64","2025-Q1"
"4180","update minimum required bitcoin core version to v25","cryptoni9n","closed","true","other","2025-01-14T15:04:15Z","2025-01-15T14:41:36Z","2025-01-15T14:41:37Z","0.98","2025-Q1"
"4178","Install crypto provider for TLS","raphjaph","closed","true","other","2025-01-13T08:53:14Z","2025-01-13T20:13:33Z","2025-01-13T20:13:33Z","0.47","2025-Q1"
"4176","Allow viewing contents of satscard","casey","closed","true","other","2025-01-12T01:29:03Z","2025-01-26T23:28:05Z","2025-01-26T23:28:05Z","14.92","2025-Q1"
"4174","Atlantis patch","raphjaph","closed","false","fix","2025-01-10T00:12:29Z","","2025-01-10T19:12:38Z","0.79","2025-Q1"
"4172","Update HTTP stack","raphjaph","closed","true","api","2025-01-09T14:59:24Z","2025-01-09T17:12:59Z","2025-01-09T17:12:59Z","0.09","2025-Q1"
"4170","Use workspace-shared metadata","casey","closed","true","other","2025-01-07T23:20:02Z","2025-01-07T23:32:26Z","2025-01-07T23:32:26Z","0.01","2025-Q1"
"4169","Fix reorg - Create savepoint when close to tip and at max reorg depth","emilcondrea","closed","true","indexer","2025-01-07T16:01:59Z","2025-01-27T14:20:48Z","2025-01-27T14:20:48Z","19.93","2025-Q1"
"4162","Update bip.mediawiki","MARRISLHARRIS","closed","false","other","2025-01-02T13:31:51Z","","2025-01-06T18:07:25Z","4.19","2025-Q1"
"4158","replace unwrap with safer ?","twosatsmaxi","closed","false","other","2024-12-31T09:37:23Z","","2025-01-06T18:14:59Z","6.36","2024-Q4"
"4156","Offers","raphjaph","closed","true","other","2024-12-27T21:51:58Z","2025-01-11T23:35:40Z","2025-01-11T23:35:40Z","15.07","2024-Q4"
"4155","boilerplate stuff","raphjaph","closed","false","other","2024-12-27T21:36:41Z","","2024-12-27T21:37:10Z","0","2024-Q4"
"4154","Set --disable-json-api with environment variable","casey","closed","true","api","2024-12-26T22:50:47Z","2024-12-26T23:09:32Z","2024-12-26T23:09:32Z","0.01","2024-Q4"
"4153","Add method returning rare sat supply","casey","closed","true","feat","2024-12-26T20:01:40Z","2024-12-26T21:02:33Z","2024-12-26T21:02:33Z","0.04","2024-Q4"
"4152","Correct total sat supply figures & update current sat supply figures","ZedZeroth","closed","true","fix","2024-12-26T13:50:30Z","2024-12-26T20:12:53Z","2024-12-26T20:12:53Z","0.27","2024-Q4"
"4150","Release 0.22.1","raphjaph","closed","true","other","2024-12-23T21:36:52Z","2024-12-23T22:02:51Z","2024-12-23T22:02:51Z","0.02","2024-Q4"
"4149","Update install script to work with Windows","casey","closed","true","other","2024-12-23T21:25:23Z","2025-01-26T22:03:23Z","2025-01-26T22:03:23Z","34.03","2024-Q4"
"4148","Utxo recursive","raphjaph","closed","true","wallet","2024-12-23T17:54:07Z","2024-12-23T19:51:42Z","2024-12-23T19:51:42Z","0.08","2024-Q4"
"4147","Add `/r/tx/<txid>` ","samedcildir","closed","true","feat","2024-12-22T12:01:01Z","2025-01-27T20:47:42Z","2025-01-27T20:47:42Z","36.37","2024-Q4"
"4142","Show overflow on <ol> in /blocks list","casey","closed","true","other","2024-12-21T18:52:08Z","2024-12-23T21:11:29Z","2024-12-23T21:11:29Z","2.1","2024-Q4"
"4141","Stricter types if index does not contain asset index","raphjaph","closed","true","indexer","2024-12-19T23:49:30Z","2024-12-20T19:59:06Z","2024-12-20T19:59:06Z","0.84","2024-Q4"
"4139","Show video controls on click","casey","closed","true","other","2024-12-19T21:07:16Z","2024-12-19T22:49:14Z","2024-12-19T22:49:14Z","0.07","2024-Q4"
"4138","Disable json only on mainnet","raphjaph","closed","false","api","2024-12-19T17:56:40Z","","2024-12-26T23:04:32Z","7.21","2024-Q4"
"4137","Fix deploy for testnet3","raphjaph","closed","true","fix","2024-12-19T17:40:47Z","2024-12-19T17:49:19Z","2024-12-19T17:49:19Z","0.01","2024-Q4"
"4135","Add testnet4","raphjaph","closed","true","feat","2024-12-19T00:09:04Z","2024-12-19T00:54:15Z","2024-12-19T00:54:15Z","0.03","2024-Q4"
"4134","Add Testnet4","raphjaph","closed","false","feat","2024-12-18T23:50:47Z","","2024-12-19T00:09:07Z","0.01","2024-Q4"
"4131","Document inscription burning","raphjaph","closed","true","other","2024-12-11T18:15:03Z","2024-12-11T23:44:46Z","2024-12-11T23:44:46Z","0.23","2024-Q4"
"4128","Do not update index for info command","raphjaph","closed","true","indexer","2024-12-11T02:27:19Z","2024-12-12T23:56:57Z","2024-12-12T23:56:57Z","1.9","2024-Q4"
"4127","Bump ordinals crate to 0.0.13","casey","closed","true","other","2024-12-10T22:00:07Z","2024-12-10T22:21:45Z","2024-12-10T22:21:45Z","0.02","2024-Q4"
"4126","Better error message for wallet sync","raphjaph","closed","true","wallet","2024-12-10T21:59:22Z","2024-12-11T23:57:24Z","2024-12-11T23:57:24Z","1.08","2024-Q4"
"4125","Release 0.22.0","casey","closed","true","other","2024-12-10T21:39:59Z","2024-12-10T21:56:24Z","2024-12-10T21:56:24Z","0.01","2024-Q4"
"4120","Insignificant change to see if CI tests are working","gmart7t2","closed","false","other","2024-12-06T15:43:08Z","","2024-12-06T15:43:21Z","0","2024-Q4"
"4118","Style help text","casey","closed","true","other","2024-12-02T21:25:15Z","2024-12-03T19:30:08Z","2024-12-03T19:30:08Z","0.92","2024-Q4"
"4117","Enable rune burning in wallet","raphjaph","closed","true","wallet","2024-11-30T05:32:46Z","2024-12-12T21:34:30Z","2024-12-12T21:34:30Z","12.67","2024-Q4"
"4116","Placate clippy","raphjaph","closed","true","refactor","2024-11-29T21:23:36Z","2024-11-29T21:39:26Z","2024-11-29T21:39:26Z","0.01","2024-Q4"
"4113","Add sat at index content endpoint (`/r/sat/:sat_number/at/:index/content`)","astralarkitekt","closed","true","indexer","2024-11-29T01:18:19Z","2025-01-24T22:33:26Z","2025-01-24T22:33:26Z","56.89","2024-Q4"
"4112","make ParsedEnvelope public","Vardominator","closed","false","other","2024-11-28T21:29:28Z","","2024-11-28T21:29:33Z","0","2024-Q4"
"4109","Add /r/rawtxinfo/:transaction_id endpoint","alpergundogdu","closed","false","api","2024-11-27T16:02:45Z","","2025-01-27T21:00:38Z","61.21","2024-Q4"
"4107","Test `Charm` `FromStr` implementation for exhaustiveness","casey","closed","true","test","2024-11-26T20:34:07Z","2024-11-26T20:52:23Z","2024-11-26T20:52:23Z","0.01","2024-Q4"
"4106","Set `maxburnamount` when burning","casey","closed","true","other","2024-11-26T20:19:26Z","2024-11-26T22:31:52Z","2024-11-26T22:31:52Z","0.09","2024-Q4"
"4105","Improve `ord wallet send` help message","casey","closed","true","wallet","2024-11-26T19:48:26Z","2024-11-26T20:15:15Z","2024-11-26T20:15:15Z","0.02","2024-Q4"
"4104","add missing `palindrome`","mvdnbrk","closed","true","feat","2024-11-26T08:51:24Z","2024-11-26T20:27:06Z","2024-11-26T20:27:06Z","0.48","2024-Q4"
"4101","Add sat values to address response (#3809)","cryptoquick","closed","false","feat","2024-11-25T14:32:15Z","","2024-12-04T18:10:21Z","9.15","2024-Q4"
"4100","Add /r/rawtx/:transaction_id and /r/rawtxinfo/:transaction_id endpoints","alpergundogdu","closed","false","feat","2024-11-25T13:21:26Z","","2024-11-25T22:58:29Z","0.4","2024-Q4"
"4098","Document Inscription URIs","casey","closed","true","other","2024-11-22T22:52:45Z","2024-11-22T23:46:09Z","2024-11-22T23:46:09Z","0.04","2024-Q4"
"4097","Add function to calculate rune unlock height","casey","closed","true","runes","2024-11-22T01:45:13Z","2024-11-22T22:01:58Z","2024-11-22T22:01:58Z","0.84","2024-Q4"
"4096","Even","raphjaph","closed","false","other","2024-11-22T00:49:08Z","","2024-11-23T07:46:59Z","1.29","2024-Q4"
"4095","Wait for wallet to load","raphjaph","closed","true","wallet","2024-11-21T22:20:37Z","2024-12-12T00:07:22Z","2024-12-12T00:07:22Z","20.07","2024-Q4"
"4094","Handle errors when retrieving sat address","casey","closed","true","other","2024-11-21T19:14:57Z","2024-11-21T19:23:29Z","2024-11-21T19:23:29Z","0.01","2024-Q4"
"4093","Do not display teleburn address","raphjaph","closed","true","other","2024-11-21T09:14:14Z","2024-11-25T23:00:05Z","2024-11-25T23:00:05Z","4.57","2024-Q4"
"4090","Update index.hbs","raphjaph","closed","true","indexer","2024-11-20T22:04:15Z","2024-11-20T22:19:01Z","2024-11-20T22:19:01Z","0.01","2024-Q4"
"4088","Add `/r/parents/:inscription_id/inscriptions` endpoint.","gmart7t2","closed","true","api","2024-11-20T02:10:55Z","2025-02-17T19:49:14Z","2025-02-17T19:49:14Z","89.73","2024-Q4"
"4085","Make build script public","arronzhang","closed","true","other","2024-11-17T08:09:20Z","2024-11-21T06:42:14Z","2024-11-21T06:42:14Z","3.94","2024-Q4"
"4084","Enable redb's new quick-repair mode","partialord","closed","true","feat","2024-11-17T07:53:44Z","2024-12-11T20:36:23Z","2024-12-11T20:36:23Z","24.53","2024-Q4"
"4083","Add replicate and swap recipes","casey","closed","true","feat","2024-11-16T20:32:45Z","2024-11-21T06:53:52Z","2024-11-21T06:53:52Z","4.43","2024-Q4"
"4082","Show runestone on tx page","raphjaph","open","false","runes","2024-11-16T09:00:48Z","","","","2024-Q4"
"4078","fix: update Rust version requirements","Th0rgal","closed","true","fix","2024-11-14T08:47:02Z","2024-11-15T02:56:53Z","2024-11-15T02:56:53Z","0.76","2024-Q4"
"4075","Fix off-by-one-error in sat range template","casey","closed","true","fix","2024-11-14T00:14:46Z","2024-11-14T01:31:16Z","2024-11-14T01:31:16Z","0.05","2024-Q4"
"4074","Update minimum rust version","raphjaph","closed","true","other","2024-11-13T20:20:34Z","2024-11-15T02:39:45Z","2024-11-15T02:39:45Z","1.26","2024-Q4"
"4072","Create jekyll-docker.yml","3Y215","closed","false","other","2024-11-13T07:00:34Z","","2024-11-13T08:18:32Z","0.05","2024-Q4"
"4070","Fix docs","raphjaph","closed","false","fix","2024-11-13T02:18:20Z","","2024-11-20T22:10:00Z","7.83","2024-Q4"
"4069","Update docs Github Action","raphjaph","closed","true","other","2024-11-12T22:25:13Z","2024-11-12T22:34:28Z","2024-11-12T22:34:28Z","0.01","2024-Q4"
"4067","use absolute links in SUMMARY.md","cryptoni9n","closed","false","fix","2024-11-12T15:58:46Z","","2024-11-13T01:43:12Z","0.41","2024-Q4"
"4066","Pin `bitcoin` to 0.32.3 in `ordinals` crate","casey","closed","true","other","2024-11-12T03:58:53Z","2024-11-12T04:09:21Z","2024-11-12T04:09:21Z","0.01","2024-Q4"
"4065","Add a timestamp to restore","raphjaph","closed","true","feat","2024-11-11T23:58:08Z","2024-11-12T03:35:09Z","2024-11-12T03:35:10Z","0.15","2024-Q4"
"4064","Add palindrome charm","casey","closed","true","feat","2024-11-11T00:00:17Z","2024-11-11T00:17:01Z","2024-11-11T00:17:01Z","0.01","2024-Q4"
"4063","Only burn one sat","onchainguy-btc","closed","true","other","2024-11-10T20:52:12Z","2024-11-29T23:26:17Z","2024-11-29T23:26:17Z","19.11","2024-Q4"
"4062","Document split command","casey","closed","true","cli","2024-11-10T19:24:22Z","2024-11-10T23:54:10Z","2024-11-10T23:54:10Z","0.19","2024-Q4"
"4061","Tsunami","lifofifoX","closed","false","other","2024-11-10T19:24:15Z","","2024-11-11T03:07:33Z","0.32","2024-Q4"
"4059","Release 0.21.3","casey","closed","true","other","2024-11-09T17:48:07Z","2024-11-12T03:53:31Z","2024-11-12T03:53:31Z","2.42","2024-Q4"
"4058","Add assert_html function","casey","closed","true","feat","2024-11-09T00:02:33Z","2024-11-09T00:19:18Z","2024-11-09T00:19:18Z","0.01","2024-Q4"
"4056","Get output information by address","raphjaph","closed","true","other","2024-11-08T03:53:47Z","2024-11-09T04:52:31Z","2024-11-09T04:52:31Z","1.04","2024-Q4"
"4055","Identify collapsible nodes with class=collapse","casey","closed","true","other","2024-11-07T19:43:28Z","2024-11-08T00:29:55Z","2024-11-08T00:29:55Z","0.2","2024-Q4"
"4054","Fixed using sat or satpoint with batch inscribe","pokrovskyy","closed","true","other","2024-11-07T04:34:33Z","2024-11-21T07:01:31Z","2024-11-21T07:01:32Z","14.1","2024-Q4"
"4053","Collapse long strings in HTML","casey","closed","true","other","2024-11-07T00:04:54Z","2024-11-07T03:34:57Z","2024-11-07T03:34:57Z","0.15","2024-Q4"
"4052","Collapse long strings in HTML","casey","closed","false","other","2024-11-06T21:46:26Z","","2024-11-07T00:03:54Z","0.1","2024-Q4"
"4050","Output recursive","1stBitcoinSent","closed","false","other","2024-11-05T08:17:19Z","","2024-12-23T21:02:55Z","48.53","2024-Q4"
"4047","Add a metaprotocol field to the api::Inscription struct to display in the server’s JSON output","kbehouse","closed","true","recursive","2024-11-04T17:24:36Z","2024-11-21T08:51:57Z","2024-11-21T08:51:57Z","16.64","2024-Q4"
"4045","Allow including metadata when burning inscriptions","casey","closed","true","other","2024-11-04T02:37:29Z","2024-11-09T04:38:31Z","2024-11-09T04:38:31Z","5.08","2024-Q4"
"4042","Hide image preview and thumbnail scrollbars","casey","closed","true","content","2024-11-03T20:29:11Z","2024-11-03T21:56:46Z","2024-11-03T21:56:46Z","0.06","2024-Q4"
"4041","Rescan wallet when restoring from mnemonic ","casey","closed","true","wallet","2024-11-03T18:09:55Z","2024-11-03T22:07:00Z","2024-11-03T22:07:00Z","0.16","2024-Q4"
"4039","Weird error when upgrading bitcoin dependency","raphjaph","closed","false","other","2024-11-02T03:23:58Z","","2024-11-12T04:00:21Z","10.03","2024-Q4"
"4038","Add simple taproot HD wallet to mockcore","raphjaph","closed","true","wallet","2024-11-01T04:22:24Z","2024-11-05T02:26:40Z","2024-11-05T02:26:40Z","3.92","2024-Q4"
"4036","Do not split runestone payload into MAX_SCRIPT_ELEMENT_SIZE pushes","casey","closed","true","runes","2024-10-29T20:42:53Z","2024-11-03T23:05:33Z","2024-11-03T23:05:33Z","5.1","2024-Q4"
"4033","Allow fallback for satpoints and addresses","casey","closed","true","other","2024-10-28T00:02:55Z","2024-10-28T00:32:42Z","2024-10-28T00:32:42Z","0.02","2024-Q4"
"4032","Un-pin redb dependency and update to 2.2.0","casey","closed","true","other","2024-10-27T22:22:21Z","2024-10-28T19:27:10Z","2024-10-28T19:27:10Z","0.88","2024-Q4"
"4030","Split","casey","closed","true","other","2024-10-26T23:35:42Z","2024-10-30T02:23:54Z","2024-10-30T02:23:54Z","3.12","2024-Q4"
"4029","Release 0.21.2","casey","closed","true","other","2024-10-26T22:59:37Z","2024-10-26T23:11:35Z","2024-10-26T23:11:35Z","0.01","2024-Q4"
"4028","Create change output for non-outgoing runes","casey","closed","true","runes","2024-10-26T21:32:34Z","2024-10-26T22:51:04Z","2024-10-26T22:51:04Z","0.05","2024-Q4"
"4027","Sign for inscription and output","raphjaph","closed","true","wallet","2024-10-26T20:05:21Z","2024-11-26T21:09:48Z","2024-11-26T21:09:48Z","31.04","2024-Q4"
"4026","BIP322 sign file","raphjaph","closed","true","wallet","2024-10-26T19:17:27Z","2024-11-07T03:53:46Z","2024-11-07T03:53:46Z","11.36","2024-Q4"
"4025","Support creating and restoring wallets with accounts","raphjaph","closed","false","feat","2024-10-26T01:32:21Z","","2024-12-03T18:26:45Z","38.7","2024-Q4"
"4024","Encode inscriptions with minimal opcodes","raphjaph","open","false","other","2024-10-26T01:31:45Z","","","","2024-Q4"
"4023","Flow","raphjaph","open","false","other","2024-10-26T01:29:33Z","","","","2024-Q4"
"4022","Proxy recursive satoshi endpoint","arik-so","closed","true","api","2024-10-25T19:17:10Z","2025-02-25T00:22:37Z","2025-02-25T00:22:37Z","122.21","2024-Q4"
"4020","Group indices in status response object","arik-so","closed","false","other","2024-10-25T02:47:22Z","","2024-10-26T01:47:35Z","0.96","2024-Q4"
"4019","Add more info to `wallet outputs`","raphjaph","closed","true","wallet","2024-10-24T23:43:01Z","2024-10-25T01:21:48Z","2024-10-25T01:21:48Z","0.07","2024-Q4"
"4018","Add authors to Handbook","raphjaph","closed","true","feat","2024-10-24T22:38:50Z","2024-10-24T22:44:41Z","2024-10-24T22:44:41Z","0","2024-Q4"
"4017","document POST method for /inscriptions","cryptoni9n","closed","true","other","2024-10-24T22:04:25Z","2024-10-24T22:18:03Z","2024-10-24T22:18:03Z","0.01","2024-Q4"
"4016","Show sat owner address when present","lifofifoX","closed","true","other","2024-10-23T20:33:53Z","2024-11-21T08:42:21Z","2024-11-21T08:42:21Z","28.51","2024-Q4"
"4014","Show if JSON API is enabled on /status","casey","closed","true","api","2024-10-22T23:30:59Z","2024-10-22T23:37:03Z","2024-10-22T23:37:03Z","0","2024-Q4"
"4013","Only show rune mint progress while rune is mintable","casey","closed","true","runes","2024-10-22T22:46:56Z","2024-10-22T22:53:01Z","2024-10-22T22:53:01Z","0","2024-Q4"
"4012","Change mint progress to `mints / terms.cap`","casey","closed","true","other","2024-10-22T22:19:02Z","2024-10-22T22:29:01Z","2024-10-22T22:29:01Z","0.01","2024-Q4"
"4011","remove pre-alpha warning from ord help","cryptoni9n","closed","true","other","2024-10-22T21:25:19Z","2024-10-22T22:23:34Z","2024-10-22T22:23:34Z","0.04","2024-Q4"
"4009","Show total child count","arik-so","closed","true","other","2024-10-22T01:21:27Z","2024-10-26T01:45:50Z","2024-10-26T01:45:50Z","4.02","2024-Q4"
"4008","Add /address/:address/ JSON API endpoints","lifofifoX","closed","false","api","2024-10-21T04:15:34Z","","2024-11-09T04:48:33Z","19.02","2024-Q4"
"4007","Update Bitcoin Core install script","raphjaph","closed","true","other","2024-10-21T01:00:25Z","2024-10-21T01:09:03Z","2024-10-21T01:09:03Z","0.01","2024-Q4"
"4006","Release 0.21.1","raphjaph","closed","true","other","2024-10-21T00:02:26Z","2024-10-21T00:25:39Z","2024-10-21T00:25:39Z","0.02","2024-Q4"
"4005","Add `wallet addresses`","raphjaph","closed","true","wallet","2024-10-20T00:59:59Z","2024-10-25T20:57:29Z","2024-10-25T20:57:30Z","5.83","2024-Q4"
"4003","Revert redb to 2.1.3","raphjaph","closed","true","fix","2024-10-18T21:59:10Z","2024-10-19T19:54:07Z","2024-10-19T19:54:07Z","0.91","2024-Q4"
"4002","Utxo signals","raphjaph","open","false","wallet","2024-10-18T15:13:16Z","","","","2024-Q4"
"3997","Release 0.21.0","casey","closed","true","other","2024-10-12T03:41:10Z","2024-10-12T17:36:52Z","2024-10-12T17:36:52Z","0.58","2024-Q4"
"3996","Add `deprecatedrpc=warnings` for ord to work with Bitcoin Core v28.0","gmart7t2","closed","false","feat","2024-10-11T14:08:17Z","","2024-10-24T21:59:06Z","13.33","2024-Q4"
"3988","Bip322 sign","raphjaph","closed","true","wallet","2024-10-08T16:56:53Z","2024-10-25T23:51:08Z","2024-10-25T23:51:08Z","17.29","2024-Q4"
"3987","Feature/wallet api","gosunuts","closed","false","wallet","2024-10-08T01:25:22Z","","2024-10-08T20:16:06Z","0.79","2024-Q4"
"3986","Charms info recursive `/r/charms`","elocremarc","closed","false","other","2024-10-07T10:15:15Z","","2024-12-10T20:10:16Z","64.41","2024-Q4"
"3984","Update JSON-API & Recursive documentation","cryptoni9n","closed","true","api","2024-10-06T21:22:54Z","2024-10-24T20:51:28Z","2024-10-24T20:51:28Z","17.98","2024-Q4"
"3980","Remove /runes/balances API endpoint","lifofifoX","closed","true","runes","2024-10-04T01:20:55Z","2024-10-14T19:56:30Z","2024-10-14T19:56:30Z","10.77","2024-Q4"
"3979","Add /address/:address/cardinals API","lifofifoX","closed","false","api","2024-10-04T00:25:49Z","","2024-11-09T04:48:23Z","36.18","2024-Q4"
"3978","Remove regtest.ordinals.net recipes","casey","closed","true","other","2024-10-03T23:05:51Z","2024-10-03T23:14:06Z","2024-10-03T23:14:07Z","0.01","2024-Q4"
"3976","Clean up burn command","casey","closed","true","cli","2024-10-03T19:55:50Z","2024-10-03T20:57:51Z","2024-10-03T20:57:51Z","0.04","2024-Q4"
"3975","Release 0.20.1","raphjaph","closed","true","other","2024-10-03T18:27:02Z","2024-10-03T18:56:44Z","2024-10-03T18:56:44Z","0.02","2024-Q4"
"3974","fix batch test error","gosunuts","closed","false","test","2024-10-02T02:44:30Z","","2024-10-02T08:39:58Z","0.25","2024-Q4"
"3973","Rename parents_values -> parent_values","casey","closed","true","other","2024-09-30T20:20:00Z","2024-09-30T20:26:32Z","2024-09-30T20:26:32Z","0","2024-Q3"
"3972","Use `as_slice` instead of convert to vec","casey","closed","true","other","2024-09-30T20:03:12Z","2024-09-30T20:10:40Z","2024-09-30T20:10:40Z","0.01","2024-Q3"
"3971","Add RuneInfo","raphjaph","closed","false","feat","2024-09-30T19:04:39Z","","2024-10-20T02:31:56Z","19.31","2024-Q3"
"3969","Deploy script: chown at correct spot","raphjaph","closed","false","fix","2024-09-30T16:46:47Z","","2024-10-02T20:51:51Z","2.17","2024-Q3"
"3968","Fix non-existant output lookup","raphjaph","closed","true","fix","2024-09-30T15:06:45Z","2024-10-02T20:48:50Z","2024-10-02T20:48:50Z","2.24","2024-Q3"
"3963","More efficient sat-range handling","partialord","closed","true","other","2024-09-23T07:16:49Z","2024-09-24T15:42:17Z","2024-09-24T15:42:17Z","1.35","2024-Q3"
"3962","Update rust-bitcoin in ord","raphjaph","closed","true","other","2024-09-21T15:33:14Z","2024-10-18T19:51:47Z","2024-10-18T19:51:48Z","27.18","2024-Q3"
"3961","Update bitcoin rust ordinals","raphjaph","closed","false","other","2024-09-21T15:32:35Z","","2024-09-21T15:46:20Z","0.01","2024-Q3"
"3959","Remove dependency on `ord-bitcoincore-rpc` crate","raphjaph","closed","true","other","2024-09-21T05:22:16Z","2024-09-21T06:55:17Z","2024-09-21T06:55:17Z","0.06","2024-Q3"
"3957","Fix output API struct","raphjaph","closed","true","api","2024-09-20T13:01:58Z","2024-09-21T04:25:59Z","2024-09-21T04:25:59Z","0.64","2024-Q3"
"3956","Start indexing at the appropriate block","partialord","closed","true","indexer","2024-09-20T08:13:57Z","2024-09-20T08:54:01Z","2024-09-20T08:54:01Z","0.03","2024-Q3"
"3952","Don't log bitcoin core connect","raphjaph","closed","true","other","2024-09-17T07:54:16Z","2024-09-17T09:00:49Z","2024-09-17T09:00:49Z","0.05","2024-Q3"
"3949","Add `/satpoint/<SATPOINT>` endpoint","raphjaph","closed","true","api","2024-09-14T05:16:51Z","2024-09-16T08:56:43Z","2024-09-16T08:56:43Z","2.15","2024-Q3"
"3948","Fix /output page","raphjaph","closed","true","fix","2024-09-14T04:54:18Z","2024-09-14T05:01:02Z","2024-09-14T05:01:02Z","0","2024-Q3"
"3947","Allow scrolling in iframe","raphjaph","closed","true","other","2024-09-13T11:10:52Z","2024-09-14T02:56:25Z","2024-09-14T02:56:25Z","0.66","2024-Q3"
"3945","Remove unnecessary symbols in docs/src/guides/testing.md","tiaoxizhan","closed","true","other","2024-09-13T10:18:30Z","2024-09-13T10:59:59Z","2024-09-13T10:59:59Z","0.03","2024-Q3"
"3943","Skip serializing None in batch::File","raphjaph","closed","true","other","2024-09-12T20:22:32Z","2024-09-14T04:42:41Z","2024-09-14T04:42:41Z","1.35","2024-Q3"
"3939","Upgrade sscache!","twosatsmaxi","closed","false","other","2024-09-08T08:37:40Z","","2024-09-08T10:08:35Z","0.06","2024-Q3"
"3938","Add inscription index to /status","casey","closed","true","indexer","2024-09-06T22:48:26Z","2024-09-09T22:06:37Z","2024-09-09T22:06:37Z","2.97","2024-Q3"
"3937","Fix clippy lint","casey","closed","true","refactor","2024-09-06T21:07:55Z","2024-09-06T21:16:49Z","2024-09-06T21:16:49Z","0.01","2024-Q3"
"3936","Feature add indexed recursive inscriptions endpoint","twosatsmaxi","closed","false","api","2024-09-05T06:28:26Z","","2024-12-11T04:02:52Z","96.9","2024-Q3"
"3934","Add test to remind us to fix the UtxoEntry redb type name","casey","closed","true","test","2024-09-04T20:41:44Z","2024-09-04T20:46:43Z","2024-09-04T20:46:43Z","0","2024-Q3"
"3933","Put AddressInfo into api module","raphjaph","closed","true","api","2024-09-04T15:37:25Z","2024-09-04T22:19:48Z","2024-09-04T22:19:48Z","0.28","2024-Q3"
"3932","Delegator content `/r/undelegated-content/<INSCRIPTION_ID>`","elocremarc","closed","true","content","2024-09-04T09:04:04Z","2024-10-26T01:34:34Z","2024-10-26T01:34:34Z","51.69","2024-Q3"
"3931","Atlantis","raphjaph","closed","false","other","2024-09-03T22:11:32Z","","2024-09-03T22:11:46Z","0","2024-Q3"
"3930","Atlantis patch","raphjaph","closed","false","fix","2024-09-03T21:54:15Z","","2024-09-03T21:55:38Z","0","2024-Q3"
"3929","Bump version to 0.20.0-dev","casey","closed","true","other","2024-09-03T20:30:27Z","2024-09-03T20:38:27Z","2024-09-03T20:38:28Z","0.01","2024-Q3"
"3928","Release 0.20.0","casey","closed","true","other","2024-09-03T20:07:47Z","2024-09-03T20:23:36Z","2024-09-03T20:23:36Z","0.01","2024-Q3"
"3927","Release 0.20.0","casey","closed","false","other","2024-09-03T19:37:32Z","","2024-09-03T20:08:21Z","0.02","2024-Q3"
"3926","Transaction data, inputs & outputs #3709","bitmapstr","closed","false","other","2024-09-03T18:44:35Z","","2024-12-12T21:44:17Z","100.12","2024-Q3"
"3924","added inscriptions and runes details in rest endpoint of address too","twosatsmaxi","closed","true","runes","2024-08-30T04:34:58Z","2024-09-03T14:55:05Z","2024-09-03T14:55:05Z","4.43","2024-Q3"
"3922","Remove content type counts from /status page","casey","closed","true","content","2024-08-29T21:20:16Z","2024-08-29T21:28:36Z","2024-08-29T21:28:36Z","0.01","2024-Q3"
"3920","Revert 'Serve responses with cross origin isolation headers'","casey","closed","true","fix","2024-08-29T05:46:47Z","2024-08-29T18:07:49Z","2024-08-29T18:07:49Z","0.51","2024-Q3"
"3916","Bump version to 0.20.0-dev","casey","closed","true","other","2024-08-28T21:49:25Z","2024-08-28T22:03:11Z","2024-08-28T22:03:11Z","0.01","2024-Q3"
"3915","Unified OUTPOINT_TO_UTXO_ENTRY table","partialord","closed","true","other","2024-08-27T20:38:16Z","2024-09-03T04:47:01Z","2024-09-03T04:47:01Z","6.34","2024-Q3"
"3913","Unified table integration - testing branch please ignore","casey","closed","false","other","2024-08-25T21:22:41Z","","2024-08-27T21:23:17Z","2","2024-Q3"
"3912","Update Bitcoin Core deploy to 26.2","casey","closed","true","other","2024-08-25T21:10:44Z","2024-08-26T10:26:26Z","2024-08-26T10:26:26Z","0.55","2024-Q3"
"3907","nl translation of the full Ordinals Manual","Tibebtc","closed","true","other","2024-08-23T12:19:51Z","2024-08-28T16:03:38Z","2024-08-28T16:03:38Z","5.16","2024-Q3"
"3906","Add `ord verify`","raphjaph","closed","true","feat","2024-08-22T18:56:23Z","2024-10-08T20:01:56Z","2024-10-08T20:01:56Z","47.05","2024-Q3"
"3905","adding sat_balance to address api","cryptoni9n","closed","true","api","2024-08-21T15:57:43Z","2024-08-28T15:49:15Z","2024-08-28T15:49:15Z","6.99","2024-Q3"
"3904","migrating-chain.rs-to-snafu","cryptoni9n","closed","true","indexer","2024-08-20T15:34:39Z","2024-08-28T16:54:53Z","2024-08-28T16:54:53Z","8.06","2024-Q3"
"3903","Make first first and last sat in range clickable","raphjaph","closed","true","other","2024-08-16T12:18:22Z","2024-08-17T01:25:47Z","2024-08-17T01:25:47Z","0.55","2024-Q3"
"3902","List all Bitcoin Core wallets","raphjaph","closed","true","other","2024-08-16T11:58:01Z","2024-08-16T12:04:31Z","2024-08-16T12:04:31Z","0","2024-Q3"
"3899","Draft: Liquid Etchings","onchainguy-btc","closed","false","other","2024-08-14T10:38:05Z","","2024-08-14T19:25:59Z","0.37","2024-Q3"
"3898","add headers for cross-origin-isolated to enable SharedArrayBuffer","patrick99e99","closed","true","feat","2024-08-12T23:41:07Z","2024-08-13T17:04:03Z","2024-08-13T17:04:03Z","0.72","2024-Q3"
"3897","Include final commit in initial sync time","casey","closed","false","other","2024-08-12T00:10:07Z","","2024-08-12T00:12:21Z","0","2024-Q3"
"3896","Remove trailing space from runes specification","casey","closed","true","runes","2024-08-11T23:03:02Z","2024-08-11T23:07:53Z","2024-08-11T23:07:54Z","0","2024-Q3"
"3894","Don't unnecessarily insert into utxo cache when indexing addresses","raphjaph","closed","true","wallet","2024-08-10T19:17:03Z","2024-08-10T19:22:30Z","2024-08-10T19:22:30Z","0","2024-Q3"
"3893","Make index settings harder to misuse","casey","closed","true","indexer","2024-08-10T16:25:08Z","2024-08-10T18:59:03Z","2024-08-10T18:59:04Z","0.11","2024-Q3"
"3892","Recursive Address `/r/address/:address`","elocremarc","open","false","other","2024-08-10T01:27:49Z","","","","2024-Q3"
"3891","add address feild to `/r/inscription/:id`","elocremarc","closed","true","feat","2024-08-10T01:26:26Z","2024-09-03T10:41:41Z","2024-09-03T10:41:41Z","24.39","2024-Q3"
"3889","Refactor from instructions envelope","SchnobiTobi","closed","false","refactor","2024-08-07T15:57:01Z","","2024-08-14T20:09:15Z","7.18","2024-Q3"
"3888","Test","raphjaph","closed","false","test","2024-08-07T15:49:30Z","","2024-08-07T15:49:42Z","0","2024-Q3"
"3887","Refactored envelope from instructions parsing","SchnobiTobi","closed","false","other","2024-08-07T15:39:13Z","","2024-08-07T15:43:59Z","0","2024-Q3"
"3885","Clarify that unused runes tags should not be used","casey","closed","true","runes","2024-08-06T01:18:27Z","2024-08-06T01:40:25Z","2024-08-06T01:40:25Z","0.02","2024-Q3"
"3884","Re-enter beta","casey","closed","true","other","2024-08-05T22:13:41Z","2024-08-05T22:18:33Z","2024-08-05T22:18:33Z","0","2024-Q3"
"3882","Fix rune linking","raphjaph","closed","false","runes","2024-08-03T01:09:31Z","","2024-08-03T01:10:24Z","0","2024-Q3"
"3881","updated ZH.PO ","DrJingLee","closed","true","other","2024-07-31T11:00:48Z","2024-08-02T18:28:29Z","2024-08-02T18:28:29Z","2.31","2024-Q3"
"3867","suppress-sat_ranges-by-default","cryptoni9n","closed","true","other","2024-07-19T21:09:40Z","2024-08-05T19:03:31Z","2024-08-05T19:03:31Z","16.91","2024-Q3"
"3866","remove PR banner from renamed branch","dcorral","closed","false","other","2024-07-19T07:32:38Z","","2024-07-19T07:32:56Z","0","2024-Q3"
"3864","Release 0.19.1","casey","closed","true","other","2024-07-18T20:20:31Z","2024-07-18T20:32:14Z","2024-07-18T20:32:14Z","0.01","2024-Q3"
"3861","Update pointer specification","ansigroup","closed","true","other","2024-07-16T19:53:30Z","2024-08-05T23:44:38Z","2024-08-05T23:44:38Z","20.16","2024-Q3"
"3860","Update pointer specification","ansigroup","closed","false","other","2024-07-16T19:42:28Z","","2024-07-16T19:50:13Z","0.01","2024-Q3"
"3858","migrate object.rs to snafu error handling","cryptoni9n","closed","true","other","2024-07-16T01:47:45Z","2024-08-07T22:37:30Z","2024-08-07T22:37:30Z","22.87","2024-Q3"
"3857","Chore","ghost","closed","false","other","2024-07-15T23:04:11Z","","2024-07-15T23:04:31Z","0","2024-Q3"
"3856","Commit twice to work around redb bug","casey","closed","true","fix","2024-07-15T16:15:18Z","2024-07-18T20:16:21Z","2024-07-18T20:16:21Z","3.17","2024-Q3"
"3854","migrating outgoing.rs to snafu error handling","cryptoni9n","closed","true","other","2024-07-12T20:54:03Z","2024-08-17T20:34:04Z","2024-08-17T20:34:04Z","35.99","2024-Q3"
"3849","fix rune links for runes with default currency symbol on /address page","cryptoni9n","closed","true","runes","2024-07-10T17:43:09Z","2024-08-03T01:34:18Z","2024-08-03T01:34:18Z","23.33","2024-Q3"
"3847","migrating chain.rs to snafu error handling","cryptoni9n","closed","false","indexer","2024-07-10T14:56:25Z","","2024-08-20T15:11:13Z","41.01","2024-Q3"
"3845","Ordzaar master 0 19 0","dcorral","closed","false","other","2024-07-10T09:00:20Z","","2024-07-10T09:06:20Z","0","2024-Q3"
"3844","Release 0.19.0","casey","closed","true","other","2024-07-09T20:33:03Z","2024-07-09T20:50:48Z","2024-07-09T20:50:48Z","0.01","2024-Q3"
"3843","Add inscriptions to address page","raphjaph","closed","true","feat","2024-07-09T20:04:18Z","2024-07-09T20:25:28Z","2024-07-09T20:25:28Z","0.01","2024-Q3"
"3842","change test-bitcoincore-rpc to mockcore in README.md","TheHeBoy","closed","true","docs","2024-07-09T09:54:54Z","2024-07-10T13:21:34Z","2024-07-10T13:21:34Z","1.14","2024-Q3"
"3840","Cumulative block event","zhfnjust","closed","false","indexer","2024-07-06T01:32:32Z","","2024-10-26T00:31:36Z","111.96","2024-Q3"
"3837","Update Portuguese Translation pt.po","0xArtur","closed","true","other","2024-07-02T15:05:39Z","2024-07-19T14:08:32Z","2024-07-19T14:08:32Z","16.96","2024-Q3"
"3836","Tag burned inscriptions with charm","onchainguy-btc","closed","true","other","2024-07-01T21:23:25Z","2024-07-01T22:04:35Z","2024-07-01T22:04:35Z","0.03","2024-Q3"
"3835","Update Spanish Translation","Zerone495","closed","true","other","2024-06-29T23:08:48Z","2024-06-30T21:25:27Z","2024-06-30T21:25:27Z","0.93","2024-Q2"
"3833","Require Bitcoin Core 27.0.0 or newer","ldiego08","closed","false","other","2024-06-26T17:37:56Z","","2024-06-27T22:56:43Z","1.22","2024-Q2"
"3832","Add typed errors with `snafu`","casey","closed","true","feat","2024-06-25T23:28:48Z","2024-06-27T19:57:33Z","2024-06-27T19:57:33Z","1.85","2024-Q2"
"3831","Display rune balances in address page","yoitsyoung","closed","true","runes","2024-06-24T19:27:41Z","2024-06-29T17:12:03Z","2024-06-29T17:12:03Z","4.91","2024-Q2"
"3826","adding sat name to inscription page","cryptoni9n","closed","true","other","2024-06-20T19:18:46Z","2024-06-27T23:15:43Z","2024-06-27T23:15:43Z","7.16","2024-Q2"
"3824","added the --all flag on `ord wallet sats`","cryptoni9n","closed","true","wallet","2024-06-18T14:28:42Z","2024-06-28T14:50:35Z","2024-06-28T14:50:35Z","10.02","2024-Q2"
"3823","Add debugging tips to show full Rust backtrace","nick07002","closed","true","feat","2024-06-16T22:47:36Z","2024-06-27T21:06:57Z","2024-06-27T21:06:57Z","10.93","2024-Q2"
"3822","Add /r/inscriptions/<QUERY>/<PAGE>","bitmapstr","open","false","feat","2024-06-13T12:49:24Z","","","","2024-Q2"
"3820","reset `SHUTTING_DOWN` when starting `update()`","felipelincoln","closed","true","other","2024-06-12T13:38:10Z","2024-07-01T22:46:01Z","2024-07-01T22:46:01Z","19.38","2024-Q2"
"3817","Add sat ranges to output","cryptoni9n","closed","true","feat","2024-06-11T18:52:00Z","2024-06-28T13:23:31Z","2024-06-28T13:23:31Z","16.77","2024-Q2"
"3816","Pay-to-many for runes","raphjaph","closed","false","runes","2024-06-09T17:07:55Z","","2024-10-26T00:31:52Z","138.31","2024-Q2"
"3813","Debugging","raphjaph","closed","false","fix","2024-06-08T21:34:49Z","","2024-06-10T22:09:25Z","2.02","2024-Q2"
"3812","Add -dev suffix to version","casey","closed","true","feat","2024-06-08T20:45:08Z","2024-06-08T20:50:19Z","2024-06-08T20:50:19Z","0","2024-Q2"
"3811","Create public shutdown function","felipelincoln","closed","true","other","2024-06-07T22:30:48Z","2024-06-10T19:55:35Z","2024-06-10T19:55:35Z","2.89","2024-Q2"
"3810","Add sat balance to address page","raphjaph","closed","true","wallet","2024-06-07T15:15:04Z","2024-06-07T15:27:16Z","2024-06-07T15:27:16Z","0.01","2024-Q2"
"3807","Make Index public","felipelincoln","closed","true","indexer","2024-06-06T19:57:16Z","2024-06-07T15:44:35Z","2024-06-07T15:44:35Z","0.82","2024-Q2"
"3805","Add txdata to block json response to sync easier outside rust","thewrlck","closed","true","indexer","2024-06-06T07:11:01Z","2024-06-08T22:13:36Z","2024-06-08T22:13:36Z","2.63","2024-Q2"
"3803","Update install.sh to add install location to system path.","so7ow","closed","false","feat","2024-06-05T18:36:10Z","","2024-06-08T21:01:57Z","3.1","2024-Q2"
"3801","link address on inscription.html","cryptoni9n","closed","true","other","2024-06-04T16:37:54Z","2024-06-06T18:05:15Z","2024-06-06T18:05:15Z","2.06","2024-Q2"
"3800","Make Settings public","felipelincoln","closed","true","other","2024-06-04T14:47:35Z","2024-06-06T17:51:24Z","2024-06-06T17:51:24Z","2.13","2024-Q2"
"3799","link address on output & tx pages ","cryptoni9n","closed","true","other","2024-06-04T12:39:33Z","2024-06-06T18:36:41Z","2024-06-06T18:36:41Z","2.25","2024-Q2"
"3797","Make recursive endpoints proxiable","raphjaph","closed","true","other","2024-06-03T21:07:11Z","2024-06-06T17:44:52Z","2024-06-06T17:44:52Z","2.86","2024-Q2"
"3796","Add --http-port to settings yaml","raphjaph","closed","true","api","2024-06-02T20:54:07Z","2024-06-06T18:45:28Z","2024-06-06T18:45:28Z","3.91","2024-Q2"
"3793","Show commit in version if not building from tagged release commit","raphjaph","closed","false","other","2024-05-30T15:51:30Z","","2024-06-08T20:47:21Z","9.21","2024-Q2"
"3787","fix panic in ord env shutdown","cryptoni9n","closed","true","fix","2024-05-24T18:32:30Z","2024-05-30T16:06:46Z","2024-05-30T16:06:46Z","5.9","2024-Q2"
"3786","Use Hash(ScriptPubKey) for address index","raphjaph","closed","false","indexer","2024-05-24T16:55:59Z","","2024-05-26T18:28:41Z","2.06","2024-Q2"
"3784","Auto merge PRs if no conflicts","raphjaph","closed","false","other","2024-05-24T11:26:45Z","","2024-06-08T21:01:33Z","15.4","2024-Q2"
"3778","Link to `/address` across explorer","elocremarc","closed","false","other","2024-05-23T02:09:16Z","","2024-05-23T04:15:16Z","0.09","2024-Q2"
"3777","Add /inscription/:query/:child_number route","casey","closed","true","api","2024-05-23T00:34:47Z","2024-05-23T20:46:40Z","2024-05-23T20:46:40Z","0.84","2024-Q2"
"3776","Remove duplicate example","gmart7t2","closed","true","other","2024-05-22T22:56:39Z","2024-05-23T16:47:52Z","2024-05-23T16:47:52Z","0.74","2024-Q2"
"3771","Fetch child inscriptions without using `getrawtransaction`","gmart7t2","closed","true","other","2024-05-22T11:43:32Z","2024-05-30T14:46:49Z","2024-05-30T14:46:49Z","8.13","2024-Q2"
"3769","Give us your best Inscription examples! will be added to documentation for Issue 949","cryptoni9n","closed","true","other","2024-05-20T19:04:42Z","2024-09-13T11:45:36Z","2024-09-13T11:45:36Z","115.7","2024-Q2"
"3768","Make settings public","raphjaph","closed","true","other","2024-05-20T13:59:33Z","2024-05-20T23:16:14Z","2024-05-20T23:16:14Z","0.39","2024-Q2"
"3766","Update list.rs to include inscription and rune info","cryptoni9n","closed","true","runes","2024-05-18T15:54:37Z","2024-05-24T15:44:58Z","2024-05-24T15:44:58Z","5.99","2024-Q2"
"3762","Update index.rs to fix ord list command","cryptoni9n","closed","true","indexer","2024-05-16T22:28:43Z","2024-05-17T14:22:48Z","2024-05-17T14:22:48Z","0.66","2024-Q2"
"3761","Add `/r/children/:inscription_id/inscriptions` endpoint","gmart7t2","closed","false","api","2024-05-16T14:03:30Z","","2024-05-30T14:47:21Z","14.03","2024-Q2"
"3757","Address index","raphjaph","closed","true","indexer","2024-05-15T16:45:38Z","2024-05-22T21:44:05Z","2024-05-22T21:44:05Z","7.21","2024-Q2"
"3756","Fix typo in mint.rs","gmart7t2","closed","true","fix","2024-05-15T13:26:12Z","2024-05-17T14:57:13Z","2024-05-17T14:57:13Z","2.06","2024-Q2"
"3753","Add feerate_percentiles to blockinfo endpoint","benbuschmann","closed","true","api","2024-05-14T23:26:00Z","2024-05-24T11:19:54Z","2024-05-24T11:19:54Z","9.5","2024-Q2"
"3751","Add delegate value to inscription endpoint","phorkish","closed","true","recursive","2024-05-14T01:39:05Z","2024-05-24T16:44:21Z","2024-05-24T16:44:21Z","10.63","2024-Q2"
"3749","Added parents recursive endpoint","phorkish","closed","true","api","2024-05-13T20:37:33Z","2024-05-22T22:05:46Z","2024-05-22T22:05:46Z","9.06","2024-Q2"
"3748","premine percentage and supply fields update for rune.html","cryptoni9n","closed","true","runes","2024-05-13T12:57:59Z","2024-05-24T11:11:28Z","2024-05-24T11:11:28Z","10.93","2024-Q2"
"3745","Update runes spec","gmart7t2","closed","true","runes","2024-05-11T15:33:03Z","2024-05-17T15:09:20Z","2024-05-17T15:09:20Z","5.98","2024-Q2"
"3744","Update teleburning.md - fix typo","gmart7t2","closed","true","fix","2024-05-11T13:02:32Z","2024-05-17T14:49:16Z","2024-05-17T14:49:17Z","6.07","2024-Q2"
"3741","Release 0.18.5","raphjaph","closed","true","other","2024-05-09T12:10:47Z","2024-05-09T12:28:59Z","2024-05-09T12:28:59Z","0.01","2024-Q2"
"3740","Fix fuzz testers ","jeasonstudio","closed","true","test","2024-05-09T09:05:48Z","2024-05-17T15:16:53Z","2024-05-17T15:16:53Z","8.26","2024-Q2"
"3735","tests should fail this commit","twosatsmaxi","closed","false","other","2024-05-08T13:41:41Z","","2024-09-23T08:07:24Z","137.77","2024-Q2"
"3734","Add `ord wallet runics` command","ldiego08","closed","true","wallet","2024-05-08T04:13:49Z","2024-05-17T14:39:20Z","2024-05-17T14:39:20Z","9.43","2024-Q2"
"3733","Add decode api","shadowv0vshadow","closed","true","api","2024-05-07T15:45:32Z","2024-05-17T16:01:06Z","2024-05-17T16:01:06Z","10.01","2024-Q2"
"3732","Add command to list pending etchings","ldiego08","closed","true","cli","2024-05-06T23:07:51Z","2024-05-17T15:28:00Z","2024-05-17T15:28:00Z","10.68","2024-Q2"
"3728","Refactoring send.rs by introducing transfer trait","twosatsmaxi","closed","false","wallet","2024-05-05T17:51:35Z","","2024-05-14T04:05:07Z","8.43","2024-Q2"
"3727","feat: add tx accelerator","bingryan","closed","false","feat","2024-05-04T14:26:38Z","","2024-05-06T02:43:44Z","1.51","2024-Q2"
"3724","Modernize sat-hunting.md","cryptoni9n","closed","true","other","2024-05-03T17:31:41Z","2024-05-06T09:59:59Z","2024-05-06T09:59:59Z","2.69","2024-Q2"
"3722","FIXED lazy load iframe","losingle","closed","false","other","2024-05-03T09:07:36Z","","2024-05-14T03:55:23Z","10.78","2024-Q2"
"3721","fix: rustfmt version 2018 to 2021","bingryan","closed","true","fix","2024-05-03T03:31:51Z","2024-05-06T09:17:32Z","2024-05-06T09:17:32Z","3.24","2024-Q2"
"3720","Release 0.18.4","casey","closed","true","other","2024-05-02T20:56:20Z","2024-05-02T21:04:12Z","2024-05-02T21:04:12Z","0.01","2024-Q2"
"3716","Remove duplicate endpoint from explorer.md","cryptoni9n","closed","true","api","2024-05-01T17:36:40Z","2024-05-02T00:07:42Z","2024-05-02T00:07:43Z","0.27","2024-Q2"
"3715","persist config files for ord env","twosatsmaxi","closed","true","other","2024-05-01T07:31:26Z","2024-05-02T19:37:43Z","2024-05-02T19:37:43Z","1.5","2024-Q2"
"3714","fix null psbt","twosatsmaxi","closed","false","wallet","2024-05-01T07:09:00Z","","2024-09-23T08:07:46Z","145.04","2024-Q2"
"3713","FIX img tag","losingle","closed","true","fix","2024-05-01T01:00:04Z","2024-05-02T19:51:27Z","2024-05-02T19:51:27Z","1.79","2024-Q2"
"3712","Use correct content type for .mjs inscriptions","casey","closed","true","content","2024-04-30T19:40:05Z","2024-04-30T19:58:36Z","2024-04-30T19:58:36Z","0.01","2024-Q2"
"3710","docs: Translation of Runes into Portuguese","Dione-b","closed","false","runes","2024-04-30T02:24:42Z","","2024-05-02T20:19:56Z","2.75","2024-Q2"
"3705","refactor: Optimize code based on cargo clippy suggestions","knowmost","closed","true","refactor","2024-04-28T09:16:55Z","2024-04-28T09:49:53Z","2024-04-28T09:49:53Z","0.02","2024-Q2"
"3703","Add Taproot Assets Bridge (WIP)","linden","closed","false","feat","2024-04-28T02:47:22Z","","2024-04-28T03:22:35Z","0.02","2024-Q2"
"3694","Patch some omissions in the Chinese translation","shadowv0vshadow","closed","true","fix","2024-04-26T07:41:11Z","2024-05-06T09:26:42Z","2024-05-06T09:26:42Z","10.07","2024-Q2"
"3692","R0.18.3 add stats fields","nhathuyle2002","closed","false","feat","2024-04-26T03:28:20Z","","2024-04-26T10:43:10Z","0.3","2024-Q2"
"3688","Publish events to rmq","rob-looksrare","closed","false","other","2024-04-25T13:46:57Z","","2024-04-25T14:08:37Z","0.02","2024-Q2"
"3687","perf(fetcher): backoff retry in get transactions","kien6034","closed","false","other","2024-04-25T09:48:19Z","","2024-05-08T19:09:59Z","13.39","2024-Q2"
"3685","add github templates for issues and prs for easier tracking","nghuyenthevinh2000","closed","false","feat","2024-04-25T08:28:11Z","","2024-10-20T02:28:57Z","177.75","2024-Q2"
"3683","feat: burn rune through forcing Cenotaph","nghuyenthevinh2000","closed","false","runes","2024-04-25T04:42:26Z","","2024-09-30T14:26:28Z","158.41","2024-Q2"
"3681","Update runes.md docs","hantuzun","closed","true","runes","2024-04-24T20:10:14Z","2024-05-06T09:45:42Z","2024-05-06T09:45:42Z","11.57","2024-Q2"
"3679","Add --rune flag to resume command to enable resuming a specific etching","ldiego08","closed","true","runes","2024-04-24T18:34:18Z","2024-05-17T15:35:11Z","2024-05-17T15:35:11Z","22.88","2024-Q2"
"3675","feat: add query endpoints for balances of specific runes","nghuyenthevinh2000","closed","false","runes","2024-04-24T12:54:36Z","","2024-09-30T19:10:14Z","159.26","2024-Q2"
"3673","show progress for etching","twosatsmaxi","closed","true","other","2024-04-24T11:21:37Z","2024-05-06T09:10:43Z","2024-05-06T09:10:43Z","11.91","2024-Q2"
"3668","fix typo on recent commit to sat hunting page","cryptoni9n","closed","true","fix","2024-04-23T17:52:25Z","2024-04-29T18:09:34Z","2024-04-29T18:09:34Z","6.01","2024-Q2"
"3666","Update sat-hunting.md with how to transfer specific sats","cryptoni9n","closed","true","other","2024-04-23T15:59:50Z","2024-04-23T16:25:35Z","2024-04-23T16:25:35Z","0.02","2024-Q2"
"3659","Allow minting when mint begins next block","casey","closed","true","indexer","2024-04-22T23:36:49Z","2024-04-22T23:47:34Z","2024-04-22T23:47:34Z","0.01","2024-Q2"
"3656","Do not show runic outputs in cardinals command","raphjaph","closed","true","cli","2024-04-22T19:00:05Z","2024-04-23T00:57:30Z","2024-04-23T00:57:30Z","0.25","2024-Q2"
"3655","Allow longer request body for API","raphjaph","closed","true","api","2024-04-22T17:49:20Z","2024-04-23T20:21:04Z","2024-04-23T20:21:04Z","1.11","2024-Q2"
"3654","Recursive Runes Endpoint Output","elocremarc","closed","false","runes","2024-04-22T16:43:13Z","","2024-12-23T21:19:44Z","245.19","2024-Q2"
"3653","JS extension for mjs files","elocremarc","closed","true","other","2024-04-22T15:39:08Z","2024-04-29T18:17:24Z","2024-04-29T18:17:24Z","7.11","2024-Q2"
"3645"," Allow mint submissions as start block is pending","coinspiracynut","closed","false","indexer","2024-04-21T19:32:21Z","","2024-04-22T23:48:44Z","1.18","2024-Q2"
"3644","change operator to <= for etching when start block height set","jnapp18","closed","false","indexer","2024-04-21T19:17:43Z","","2024-04-21T19:29:53Z","0.01","2024-Q2"
"3635","Update sparrow-wallet.md --name flag update","taha-abbasi","closed","true","wallet","2024-04-20T23:18:45Z","2024-04-22T19:07:16Z","2024-04-22T19:07:16Z","1.83","2024-Q2"
"3626","Check rune minimum at height before sending","raphjaph","closed","true","runes","2024-04-19T21:35:14Z","2024-04-19T21:40:09Z","2024-04-19T21:40:09Z","0","2024-Q2"
"3625","Release 0.18.3","raphjaph","closed","true","other","2024-04-19T21:17:34Z","2024-04-19T22:04:36Z","2024-04-19T22:04:36Z","0.03","2024-Q2"
"3621","Remove timeout for wallet client","raphjaph","closed","true","wallet","2024-04-19T18:23:32Z","2024-04-19T18:28:42Z","2024-04-19T18:28:42Z","0","2024-Q2"
"3618","clear etching when rune commitment is spent","felipelincoln","closed","true","runes","2024-04-19T14:51:04Z","2024-04-19T19:36:52Z","2024-04-19T19:36:52Z","0.2","2024-Q2"
"3615","Allow higher rpcworkqueue limit conf","JeremyRubin","closed","true","other","2024-04-19T12:54:10Z","2024-05-06T10:05:34Z","2024-05-06T10:05:34Z","16.88","2024-Q2"
"3605","Runes review","casey","closed","true","runes","2024-04-18T21:09:10Z","2024-04-18T21:28:31Z","2024-04-18T21:28:31Z","0.01","2024-Q2"
"3602","Add pagination for runes and fix size query","lugondev","closed","false","runes","2024-04-18T16:10:51Z","","2024-06-08T21:10:43Z","51.21","2024-Q2"
"3598","Remove duplicated word","oxSaturn","closed","true","other","2024-04-18T13:11:04Z","2024-04-18T21:34:26Z","2024-04-18T21:34:26Z","0.35","2024-Q2"
"3592","Add `dry-run` flag to `resume` command","felipelincoln","closed","true","cli","2024-04-18T04:19:31Z","2024-04-19T18:37:47Z","2024-04-19T18:37:47Z","1.6","2024-Q2"
"3589","Allow precommit","raphjaph","closed","false","other","2024-04-18T00:50:19Z","","2024-08-05T19:16:03Z","109.77","2024-Q2"
"3588","Fix Inaccurate Translations","losingle","closed","true","fix","2024-04-17T23:29:08Z","2024-04-22T19:24:28Z","2024-04-22T19:24:28Z","4.83","2024-Q2"
"3585","Update recursion.md with consistant syntax","zmeyer44","closed","true","other","2024-04-17T20:48:53Z","2024-04-19T19:56:26Z","2024-04-19T19:56:26Z","1.96","2024-Q2"
"3583","Bump ord version to 0.18.2 in Cargo.toml","casey","closed","true","other","2024-04-17T19:56:16Z","2024-04-17T20:04:47Z","2024-04-17T20:04:47Z","0.01","2024-Q2"
"3582","Release 0.18.2","casey","closed","true","other","2024-04-17T19:42:05Z","2024-04-17T19:54:58Z","2024-04-17T19:54:58Z","0.01","2024-Q2"
"3580","Show rune unlock height","raphjaph","closed","true","runes","2024-04-17T17:23:40Z","2024-11-22T23:23:33Z","2024-11-22T23:23:33Z","219.25","2024-Q2"
"3579","Document the Turbo flag","gmart7t2","closed","true","cli","2024-04-17T15:46:42Z","2024-04-17T19:28:06Z","2024-04-17T19:28:06Z","0.15","2024-Q2"
"3571","Revert runes balances json","lugondev","closed","true","runes","2024-04-17T07:36:36Z","2024-04-18T23:04:29Z","2024-04-18T23:04:29Z","1.64","2024-Q2"
"3567","Show premine percentage","raphjaph","closed","true","other","2024-04-16T22:37:02Z","2024-04-18T22:17:15Z","2024-04-18T22:17:15Z","1.99","2024-Q2"
"3566","Refine resume","raphjaph","closed","true","other","2024-04-16T20:47:57Z","2024-04-17T20:15:34Z","2024-04-17T20:15:34Z","0.98","2024-Q2"
"3558","Add test case if mint terms has both height and offset","lugondev","closed","true","test","2024-04-16T09:31:17Z","2024-04-17T19:16:38Z","2024-04-17T19:16:38Z","1.41","2024-Q2"
"3556","Add test Rune cannot be minted less than limit amount","lugondev","closed","true","runes","2024-04-16T06:37:35Z","2024-04-19T19:51:20Z","2024-04-19T19:51:20Z","3.55","2024-Q2"
"3555","Remove /runes/balances page","lugondev","closed","true","runes","2024-04-16T06:18:26Z","2024-04-16T15:32:23Z","2024-04-16T15:32:23Z","0.38","2024-Q2"
"3553","Store wallets in /wallets subdir of data dir","casey","closed","true","other","2024-04-16T03:24:01Z","2024-04-16T17:51:31Z","2024-04-16T17:51:31Z","0.6","2024-Q2"
"3547","Runes review comments","casey","closed","true","runes","2024-04-15T21:08:22Z","2024-04-15T21:24:33Z","2024-04-15T21:24:33Z","0.01","2024-Q2"
"3541","chore: fix some typos in comments","StevenMia","closed","true","fix","2024-04-15T11:48:24Z","2024-04-16T15:49:13Z","2024-04-16T15:49:13Z","1.17","2024-Q2"
"3540","fix typo in zh.po","blackj-x","closed","true","fix","2024-04-15T06:57:09Z","2024-04-16T15:37:24Z","2024-04-16T15:37:24Z","1.36","2024-Q2"
"3538","Supercharge Inscriptions with Runes","lifofifoX","closed","false","runes","2024-04-15T03:10:38Z","","2024-12-12T22:16:02Z","241.8","2024-Q2"
"3531","Add manual for centos","rongyi","closed","true","feat","2024-04-12T10:17:30Z","2024-04-12T21:09:21Z","2024-04-12T21:09:21Z","0.45","2024-Q2"
"3530","generate a sample etch yaml in new env generation","twosatsmaxi","closed","true","other","2024-04-12T05:20:35Z","2024-04-17T20:50:56Z","2024-04-17T20:50:56Z","5.65","2024-Q2"
"3529","Fix typo in recursion docs","nix-eth","closed","true","fix","2024-04-12T02:54:58Z","2024-04-12T20:17:52Z","2024-04-12T20:17:52Z","0.72","2024-Q2"
"3526","add --no-wait flag to not wait for etching to mature","rot13maxi","closed","false","cli","2024-04-11T21:11:29Z","","2024-10-20T02:34:26Z","191.22","2024-Q2"
"3525","add --no-wait flag to not wait for rune maturation","rot13maxi","closed","false","runes","2024-04-11T21:05:17Z","","2024-04-11T21:06:14Z","0","2024-Q2"
"3523","Forbid etching below rune activation height","casey","closed","true","runes","2024-04-11T20:57:33Z","2024-04-11T21:02:28Z","2024-04-11T21:02:28Z","0","2024-Q2"
"3522","Release 0.18.1","casey","closed","true","other","2024-04-11T19:53:59Z","2024-04-11T20:00:06Z","2024-04-11T20:00:06Z","0","2024-Q2"
"3515","Fix off-by-one in wallet when waiting for etching commitment to mature","casey","closed","true","wallet","2024-04-11T04:55:34Z","2024-04-11T19:42:58Z","2024-04-11T19:42:58Z","0.62","2024-Q2"
"3513","Release 0.18.0","casey","closed","true","other","2024-04-11T03:39:29Z","2024-04-11T04:05:59Z","2024-04-11T04:05:59Z","0.02","2024-Q2"
"3512","Bump ord crate required rust version to 1.76","casey","closed","true","other","2024-04-11T02:49:22Z","2024-04-11T03:04:12Z","2024-04-11T03:04:12Z","0.01","2024-Q2"
"3511","Turbo degeneracy","casey","closed","true","other","2024-04-11T00:54:03Z","2024-04-11T01:58:52Z","2024-04-11T01:58:52Z","0.05","2024-Q2"
"3510","Add content proxy to ord env","raphjaph","closed","false","content","2024-04-11T00:19:13Z","","2024-04-11T02:08:12Z","0.08","2024-Q2"
"3509","Add default content proxy and decompress to env command","jahvi","closed","true","content","2024-04-10T23:14:34Z","2024-04-17T22:25:31Z","2024-04-17T22:25:31Z","6.97","2024-Q2"
"3507","Check for etching commit confirmations correctly","casey","closed","true","other","2024-04-10T20:23:18Z","2024-04-10T20:58:18Z","2024-04-10T20:58:18Z","0.02","2024-Q2"
"3506","Update data carriersize to match with ord","twosatsmaxi","closed","true","other","2024-04-10T20:19:19Z","2024-04-11T02:04:21Z","2024-04-11T02:04:21Z","0.24","2024-Q2"
"3505","Decimal balance","raphjaph","closed","true","wallet","2024-04-10T19:04:27Z","2024-04-11T01:29:23Z","2024-04-11T01:29:23Z","0.27","2024-Q2"
"3504","Lock runes commit output","raphjaph","closed","true","runes","2024-04-10T19:03:00Z","2024-04-15T22:04:35Z","2024-04-15T22:04:35Z","5.13","2024-Q2"
"3503","fixes inconsitency in terms.cap naming","twosatsmaxi","closed","false","other","2024-04-10T18:20:37Z","","2024-04-11T01:55:21Z","0.32","2024-Q2"
"3500","Better error message when bitcoind doesn't start","twosatsmaxi","closed","true","other","2024-04-10T08:38:38Z","2024-04-11T02:36:32Z","2024-04-11T02:36:33Z","0.75","2024-Q2"
"3499","chore: ord env add index log","bingryan","closed","false","indexer","2024-04-10T03:15:58Z","","2024-05-07T03:07:42Z","26.99","2024-Q2"
"3498","Fix type in zh.po","RandolphJiffy","closed","true","fix","2024-04-10T02:09:24Z","2024-04-11T02:23:23Z","2024-04-11T02:23:23Z","1.01","2024-Q2"
"3497","Mint with destination argument","ynohtna92","closed","true","other","2024-04-09T21:33:04Z","2024-04-11T02:57:53Z","2024-04-11T02:57:53Z","1.23","2024-Q2"
"3495","Test open mints cannot be without cap","lugondev","closed","true","test","2024-04-09T14:56:13Z","2024-04-11T03:35:25Z","2024-04-11T03:35:25Z","1.53","2024-Q2"
"3492","Updated Rust version to 1.74.0 in Cargo.toml files.","tgscan","closed","true","other","2024-04-09T11:30:33Z","2024-04-11T02:47:12Z","2024-04-11T02:47:12Z","1.64","2024-Q2"
"3484","Fix send runes","raphjaph","closed","true","wallet","2024-04-08T22:35:44Z","2024-05-02T20:55:22Z","2024-05-02T20:55:22Z","23.93","2024-Q2"
"3482","Add Postage Argument on Mint Command","ynohtna92","closed","true","cli","2024-04-08T21:03:41Z","2024-04-11T03:24:43Z","2024-04-11T03:24:43Z","2.26","2024-Q2"
"3480","Fix maturation loop","raphjaph","closed","true","fix","2024-04-07T22:53:03Z","2024-04-08T22:18:10Z","2024-04-08T22:18:10Z","0.98","2024-Q2"
"3476","record the final mint transaction","robinsdan","closed","false","other","2024-04-07T07:13:47Z","","2024-04-07T17:10:51Z","0.41","2024-Q2"
"3475","test clippy lint","rexwang","closed","false","test","2024-04-07T04:06:00Z","","2024-04-07T04:06:28Z","0","2024-Q2"
"3466","Updated required Rust version in README.md","cryptoni9n","closed","true","docs","2024-04-04T13:13:28Z","2024-04-07T18:05:20Z","2024-04-07T18:05:20Z","3.2","2024-Q2"
"3464","Fix type in zh.po","RandolphJiffy","closed","true","fix","2024-04-04T08:32:48Z","2024-04-07T17:59:22Z","2024-04-07T17:59:22Z","3.39","2024-Q2"
"3463","Update testing.md","gmart7t2","closed","true","other","2024-04-04T01:40:43Z","2024-04-07T17:44:42Z","2024-04-07T17:44:43Z","3.67","2024-Q2"
"3462","Add package to how-to building from Ubuntu","petriuslima","closed","true","feat","2024-04-04T00:58:34Z","2024-04-07T18:25:14Z","2024-04-07T18:25:14Z","3.73","2024-Q2"
"3461","Test validity of all opcodes","casey","closed","true","test","2024-04-04T00:02:00Z","2024-04-11T02:13:13Z","2024-04-11T02:13:13Z","7.09","2024-Q2"
"3457","zh.po rune section updated","DrJingLee","closed","true","runes","2024-04-03T06:14:02Z","2024-04-07T17:39:27Z","2024-04-07T17:39:28Z","4.48","2024-Q2"
"3456","Add wallet batch UTXO and inscriptions endpoints","raphjaph","closed","true","wallet","2024-04-03T04:59:45Z","2024-04-09T19:53:27Z","2024-04-09T19:53:27Z","6.62","2024-Q2"
"3451","Allow inscribing delegate without file","raphjaph","closed","true","recursive","2024-04-02T20:30:18Z","2024-04-11T01:48:01Z","2024-04-11T01:48:01Z","8.22","2024-Q2"
"3449","fix leftover etch","ordinariusprof","closed","true","fix","2024-04-02T16:42:55Z","2024-04-07T16:34:48Z","2024-04-07T16:34:48Z","4.99","2024-Q2"
"3447","[minor] fix grammar.md","twosatsmaxi","closed","true","fix","2024-04-02T11:01:57Z","2024-04-02T20:02:08Z","2024-04-02T20:02:08Z","0.38","2024-Q2"
"3446","Master test","harutyunaraci","closed","false","test","2024-04-02T08:59:18Z","","2024-04-02T08:59:27Z","0","2024-Q2"
"3443","Fix deploy bitcoin.conf typo","bitspill","closed","true","fix","2024-04-02T07:35:13Z","2024-04-02T20:37:06Z","2024-04-02T20:37:06Z","0.54","2024-Q2"
"3442","add rune.svg and link to navbar","lugondev","closed","true","runes","2024-04-02T07:12:59Z","2024-04-07T23:14:00Z","2024-04-07T23:14:00Z","5.67","2024-Q2"
"3441","Render closed-interval-ranges for human legibility.","arik-so","closed","false","content","2024-04-02T06:00:19Z","","2024-11-14T00:14:14Z","225.76","2024-Q2"
"3440","Lookup rune number","lugondev","closed","true","runes","2024-04-02T04:31:43Z","2024-04-13T21:57:55Z","2024-04-13T21:57:55Z","11.73","2024-Q2"
"3437","Implement burn","onchainguy-btc","closed","true","feat","2024-04-01T22:00:15Z","2024-09-30T14:22:07Z","2024-09-30T14:22:07Z","181.68","2024-Q2"
"3435","Release 0.17.1","raphjaph","closed","true","other","2024-04-01T18:56:27Z","2024-04-01T19:28:18Z","2024-04-01T19:28:18Z","0.02","2024-Q2"
"3432","Ignore invalid script pubkeys","casey","closed","true","other","2024-04-01T04:14:37Z","2024-04-01T17:05:23Z","2024-04-01T17:05:23Z","0.54","2024-Q2"
"3431","Relax deployed Bitcoin Core relay rules","casey","closed","true","other","2024-04-01T03:29:50Z","2024-04-01T17:11:02Z","2024-04-01T17:11:02Z","0.57","2024-Q2"
"3429","fix typos","lugondev","closed","true","fix","2024-04-01T03:16:04Z","2024-04-01T17:38:16Z","2024-04-01T17:38:16Z","0.6","2024-Q2"
"3428","Release 0.17.0","casey","closed","true","other","2024-03-31T19:56:16Z","2024-03-31T20:49:57Z","2024-03-31T20:49:57Z","0.04","2024-Q1"
"3426","Seed index with genesis rune","casey","closed","true","indexer","2024-03-31T19:03:33Z","2024-03-31T19:08:02Z","2024-03-31T19:08:02Z","0","2024-Q1"
"3425","Update Dockerfile Rust version","0xbc1p","closed","true","other","2024-03-31T17:35:41Z","2024-03-31T18:43:46Z","2024-03-31T18:43:46Z","0.05","2024-Q1"
"3424","refactor: output format","bingryan","closed","true","refactor","2024-03-31T04:53:23Z","2024-05-06T10:24:42Z","2024-05-06T10:24:42Z","36.23","2024-Q1"
"3423","Use checked arithmetic in RuneUpdater","casey","closed","true","other","2024-03-31T04:28:45Z","2024-03-31T19:01:26Z","2024-03-31T19:01:26Z","0.61","2024-Q1"
"3422","Recognized field without required flag is cenotaph","casey","closed","true","runes","2024-03-31T01:10:56Z","2024-03-31T01:22:30Z","2024-03-31T01:22:30Z","0.01","2024-Q1"
"3420","Set pointer in etching runestone","casey","closed","true","runes","2024-03-30T08:38:12Z","2024-03-30T23:22:54Z","2024-03-30T23:22:54Z","0.61","2024-Q1"
"3418","chore: fix typos","xiaoxianBoy","closed","true","fix","2024-03-30T03:03:14Z","2024-03-30T23:28:44Z","2024-03-30T23:28:44Z","0.85","2024-Q1"
"3417","Don't conflate cenotaphs and runestones","casey","closed","true","other","2024-03-30T02:10:44Z","2024-03-30T23:45:05Z","2024-03-30T23:45:05Z","0.9","2024-Q1"
"3416","Fix fuzz testers","casey","closed","true","test","2024-03-30T01:27:51Z","2024-03-30T01:41:45Z","2024-03-30T01:41:46Z","0.01","2024-Q1"
"3415","Mockcore","casey","closed","true","other","2024-03-30T00:28:10Z","2024-03-30T00:42:07Z","2024-03-30T00:42:07Z","0.01","2024-Q1"
"3414","Set relative lock heights on etching transactions","casey","closed","true","other","2024-03-29T23:49:07Z","2024-03-30T00:02:55Z","2024-03-30T00:02:55Z","0.01","2024-Q1"
"3413","Add CTRL-C test","raphjaph","closed","true","test","2024-03-29T21:57:39Z","2024-03-29T22:56:52Z","2024-03-29T22:56:52Z","0.04","2024-Q1"
"3412","Derive reserved rune names from rune ID","casey","closed","true","runes","2024-03-29T21:13:36Z","2024-03-29T21:19:39Z","2024-03-29T21:19:39Z","0","2024-Q1"
"3409","squash all commits of Tai for runebeta into one commit","daywednes","closed","false","other","2024-03-29T10:15:52Z","","2024-03-29T21:22:14Z","0.46","2024-Q1"
"3407","Add etching to example batchfile","casey","closed","true","feat","2024-03-29T02:13:18Z","2024-03-29T21:35:31Z","2024-03-29T21:35:31Z","0.81","2024-Q1"
"3405","Add docs for runes send","rot13maxi","closed","true","wallet","2024-03-29T01:08:16Z","2024-03-31T20:23:29Z","2024-03-31T20:23:29Z","2.8","2024-Q1"
"3404","Rename Inscribe to Batch in integration tests","casey","closed","true","other","2024-03-29T00:57:21Z","2024-03-29T01:02:25Z","2024-03-29T01:02:25Z","0","2024-Q1"
"3403","Fix inscribe_with_no_limit test","casey","closed","true","test","2024-03-29T00:54:53Z","2024-03-29T01:12:07Z","2024-03-29T01:12:07Z","0.01","2024-Q1"
"3402","Don't complain about large runestones if --no-limit is passed","casey","closed","true","other","2024-03-29T00:41:33Z","2024-03-29T00:49:39Z","2024-03-29T00:49:39Z","0.01","2024-Q1"
"3401","Add `ord wallet batch` command","casey","closed","true","wallet","2024-03-29T00:15:04Z","2024-03-29T00:31:59Z","2024-03-29T00:31:59Z","0.01","2024-Q1"
"3400","Distinguish invalid opcode and invalid script","casey","closed","true","other","2024-03-28T20:52:11Z","2024-03-28T21:06:21Z","2024-03-28T21:06:21Z","0.01","2024-Q1"
"3398","Fix typo","gmart7t2","closed","true","fix","2024-03-28T14:22:33Z","2024-03-28T20:16:32Z","2024-03-28T20:16:32Z","0.25","2024-Q1"
"3397","Fix typo","gmart7t2","closed","true","fix","2024-03-28T14:11:22Z","2024-03-28T20:22:53Z","2024-03-28T20:22:53Z","0.26","2024-Q1"
"3395","Fix typo","gmart7t2","closed","true","fix","2024-03-28T13:52:10Z","2024-03-28T20:08:08Z","2024-03-28T20:08:08Z","0.26","2024-Q1"
"3393","Fix rune doc table numbers","chendatony31","closed","true","runes","2024-03-28T09:07:52Z","2024-03-28T20:42:50Z","2024-03-28T20:42:50Z","0.48","2024-Q1"
"3391","Move runes stuff into ordinals crate","casey","closed","true","runes","2024-03-28T05:34:29Z","2024-03-28T20:48:33Z","2024-03-28T20:48:33Z","0.63","2024-Q1"
"3390","Ignore errors in invalid scripts","casey","closed","true","other","2024-03-28T02:54:17Z","2024-03-28T20:32:02Z","2024-03-28T20:32:02Z","0.73","2024-Q1"
"3389","Fix runes docs table","casey","closed","true","runes","2024-03-28T00:48:13Z","2024-03-28T00:54:04Z","2024-03-28T00:54:04Z","0","2024-Q1"
"3388","Check mint runestone","casey","closed","true","runes","2024-03-27T22:30:12Z","2024-03-27T22:35:36Z","2024-03-27T22:35:36Z","0","2024-Q1"
"3386","Check send runestone","casey","closed","true","wallet","2024-03-27T21:52:00Z","2024-03-27T21:57:43Z","2024-03-27T21:57:43Z","0","2024-Q1"
"3383","Terms::limit → Terms::amount","casey","closed","true","other","2024-03-27T06:22:13Z","2024-03-27T19:11:51Z","2024-03-27T19:11:51Z","0.53","2024-Q1"
"3382","Decimal::to_amount → Decimal::to_integer","casey","closed","true","other","2024-03-27T06:20:43Z","2024-03-27T19:28:25Z","2024-03-27T19:28:26Z","0.55","2024-Q1"
"3381","Add Runestone::cenotaph()","casey","closed","true","runes","2024-03-27T06:17:10Z","2024-03-27T19:17:32Z","2024-03-27T19:17:32Z","0.54","2024-Q1"
"3380","Document runes","casey","closed","true","runes","2024-03-27T06:16:35Z","2024-03-28T00:45:33Z","2024-03-28T00:45:33Z","0.77","2024-Q1"
"3379","Add SpacedRune test case","casey","closed","true","test","2024-03-27T06:16:05Z","2024-03-27T19:22:35Z","2024-03-27T19:22:35Z","0.55","2024-Q1"
"3378","Allow passing server url as command-line argument.","arik-so","closed","false","api","2024-03-26T19:05:21Z","","2024-03-26T20:36:32Z","0.06","2024-Q1"
"3375","Mint terms","casey","closed","true","other","2024-03-26T04:28:20Z","2024-03-27T01:30:49Z","2024-03-27T01:30:49Z","0.88","2024-Q1"
"3374","Add wallet database","raphjaph","closed","true","wallet","2024-03-26T03:49:55Z","2024-03-31T20:35:13Z","2024-03-31T20:35:13Z","5.7","2024-Q1"
"3372","Index inscriptions by address","markovichecha","closed","false","indexer","2024-03-25T21:15:37Z","","2024-05-23T16:11:07Z","58.79","2024-Q1"
"3371","Add and use default() as shorthand for Default::default()","casey","closed","true","feat","2024-03-25T20:56:43Z","2024-03-25T21:17:12Z","2024-03-25T21:17:12Z","0.01","2024-Q1"
"3370","docs: add rust-toolchain.toml","bingryan","closed","false","feat","2024-03-25T20:25:24Z","","2024-03-28T22:38:44Z","3.09","2024-Q1"
"3369","refactor: test module","bingryan","closed","false","test","2024-03-25T19:38:55Z","","2024-10-20T02:27:37Z","208.28","2024-Q1"
"3368","Disambiguate when sending runes","raphjaph","closed","true","runes","2024-03-25T18:33:48Z","2024-03-25T19:12:46Z","2024-03-25T19:12:46Z","0.03","2024-Q1"
"3366","Add etched runes in block","lugondev","closed","true","indexer","2024-03-25T07:54:17Z","2024-04-15T22:31:21Z","2024-04-15T22:31:22Z","21.61","2024-Q1"
"3365","Allow supply-capped mints","casey","closed","true","other","2024-03-25T03:19:23Z","2024-03-25T23:09:54Z","2024-03-25T23:09:54Z","0.83","2024-Q1"
"3363","Put rune higher on /inscription","lugondev","closed","true","runes","2024-03-24T20:02:46Z","2024-04-12T20:06:03Z","2024-04-12T20:06:03Z","19","2024-Q1"
"3361","Add href to status page","lugondev","closed","true","feat","2024-03-24T14:31:08Z","2024-03-31T20:42:12Z","2024-03-31T20:42:12Z","7.26","2024-Q1"
"3359","Reorganize wallet","casey","closed","true","wallet","2024-03-24T06:54:09Z","2024-03-25T18:55:41Z","2024-03-25T18:55:41Z","1.5","2024-Q1"
"3358","Make rune parent clickable","raphjaph","closed","true","runes","2024-03-24T03:31:54Z","2024-03-25T18:13:59Z","2024-03-25T18:13:59Z","1.61","2024-Q1"
"3354","Assert etched runestone","casey","closed","true","runes","2024-03-23T19:58:55Z","2024-03-23T20:45:27Z","2024-03-23T20:45:27Z","0.03","2024-Q1"
"3353","Display spaced runes in balances","casey","closed","true","runes","2024-03-23T19:56:46Z","2024-03-23T20:40:00Z","2024-03-23T20:40:00Z","0.03","2024-Q1"
"3349","Return runestone from `ord decode`","casey","closed","true","runes","2024-03-23T17:45:13Z","2024-03-23T19:02:38Z","2024-03-23T19:02:38Z","0.05","2024-Q1"
"3348","Remove unnecessary code","lugondev","closed","true","other","2024-03-23T15:16:06Z","2024-03-23T18:27:43Z","2024-03-23T18:27:43Z","0.13","2024-Q1"
"3346","Replace charms u16 with separate Charms type","markovichecha","closed","false","other","2024-03-23T11:57:59Z","","2024-06-07T09:21:35Z","75.89","2024-Q1"
"3345","Fix fetch etch input","harutyunaraci","closed","false","fix","2024-03-23T05:14:14Z","","2024-03-23T05:14:39Z","0","2024-Q1"
"3344","Allow sending sats by name only","casey","closed","true","other","2024-03-23T00:34:26Z","2024-03-23T00:46:25Z","2024-03-23T00:46:25Z","0.01","2024-Q1"
"3343","Use serde_with DeserializeFromStr","casey","closed","true","other","2024-03-22T22:02:49Z","2024-03-22T22:10:03Z","2024-03-22T22:10:03Z","0.01","2024-Q1"
"3342","Fix duplicate locking","raphjaph","closed","true","fix","2024-03-22T19:32:37Z","2024-03-22T20:09:51Z","2024-03-22T20:09:51Z","0.03","2024-Q1"
"3341","Update redb dependency to 2.0.0","cberner","closed","true","other","2024-03-22T19:24:26Z","2024-03-22T19:47:13Z","2024-03-22T19:47:13Z","0.02","2024-Q1"
"3340","Add sat related charms to /sat page","markovichecha","closed","true","feat","2024-03-22T17:33:20Z","2024-03-23T00:11:43Z","2024-03-23T00:11:43Z","0.28","2024-Q1"
"3339","Allow runestone to be deserialized from json","emilcondrea","closed","true","runes","2024-03-22T10:28:40Z","2024-03-22T19:55:27Z","2024-03-22T19:55:27Z","0.39","2024-Q1"
"3336","Fix fetching rune commit inputs","raphjaph","closed","true","runes","2024-03-20T23:42:05Z","2024-03-23T00:51:40Z","2024-03-23T00:51:40Z","2.05","2024-Q1"
"3335","Remove quotes from example ord env command","casey","closed","true","cli","2024-03-20T21:24:53Z","2024-03-22T21:39:45Z","2024-03-22T21:39:45Z","2.01","2024-Q1"
"3334","Chinese Version Update","DrJingLee","closed","true","other","2024-03-20T15:02:55Z","2024-03-22T22:30:04Z","2024-03-22T22:30:04Z","2.31","2024-Q1"
"3331","Misc review comments","casey","closed","true","other","2024-03-20T04:27:03Z","2024-03-22T21:26:38Z","2024-03-22T21:26:38Z","2.71","2024-Q1"
"3330","Add randomness ouput","lugondev","closed","false","feat","2024-03-19T19:31:18Z","","2024-03-20T03:20:57Z","0.33","2024-Q1"
"3329","Handle previous_output store is not exists","lugondev","closed","false","other","2024-03-19T11:01:06Z","","2024-03-20T04:25:33Z","0.73","2024-Q1"
"3325","Invalid runestones are cenotaphs","casey","closed","true","other","2024-03-19T02:21:00Z","2024-03-19T02:32:49Z","2024-03-19T02:32:49Z","0.01","2024-Q1"
"3324","Display rune mintability","raphjaph","closed","true","runes","2024-03-19T01:59:28Z","2024-03-19T04:43:39Z","2024-03-19T04:43:39Z","0.11","2024-Q1"
"3323","Reserve rune IDs with zero block and nonzero tx","casey","closed","true","indexer","2024-03-19T01:48:50Z","2024-03-19T02:02:21Z","2024-03-19T02:02:21Z","0.01","2024-Q1"
"3316","Make max mint limit u64::MAX","casey","closed","true","other","2024-03-18T21:35:52Z","2024-03-18T21:45:09Z","2024-03-18T21:45:09Z","0.01","2024-Q1"
"3315","Downgrade to alpha","casey","closed","true","other","2024-03-18T21:23:43Z","2024-03-18T21:28:51Z","2024-03-18T21:28:51Z","0","2024-Q1"
"3314","Use OP_PUSHNUM_13 as rune protocol identifier","casey","closed","true","runes","2024-03-18T20:54:29Z","2024-03-18T21:07:37Z","2024-03-18T21:07:37Z","0.01","2024-Q1"
"3313","Display premine","raphjaph","closed","true","other","2024-03-18T20:17:26Z","2024-03-19T01:29:27Z","2024-03-19T01:29:27Z","0.22","2024-Q1"
"3312","Make edicts stricter","casey","closed","true","other","2024-03-18T19:49:58Z","2024-03-18T20:35:07Z","2024-03-18T20:35:07Z","0.03","2024-Q1"
"3311","Allow premining with open etchings","raphjaph","closed","true","other","2024-03-18T19:31:14Z","2024-03-18T20:15:11Z","2024-03-18T20:15:11Z","0.03","2024-Q1"
"3310","Rename RuneID fields","casey","closed","true","other","2024-03-18T18:08:00Z","2024-03-18T18:25:12Z","2024-03-18T18:25:12Z","0.01","2024-Q1"
"3307","ignore invalid instruction of rune commit tx","nowherekai","closed","false","runes","2024-03-18T11:32:51Z","","2024-03-18T17:22:34Z","0.24","2024-Q1"
"3304","Clarify build instructions","raphjaph","closed","true","other","2024-03-18T00:43:40Z","2024-03-18T00:52:29Z","2024-03-18T00:52:29Z","0.01","2024-Q1"
"3301","Allow multiple delegates.","arik-so","open","false","other","2024-03-17T04:08:35Z","","","","2024-Q1"
"3298","Mint runes with wallet","raphjaph","closed","true","wallet","2024-03-16T03:00:59Z","2024-03-17T21:33:50Z","2024-03-17T21:33:50Z","1.77","2024-Q1"
"3296","Ensure inscription::Tag values are unique by using Tag repr","casey","closed","true","other","2024-03-15T23:14:59Z","2024-03-15T23:33:56Z","2024-03-15T23:33:56Z","0.01","2024-Q1"
"3291","Add wallet generate command","bingryan","closed","false","wallet","2024-03-15T19:28:30Z","","2024-03-18T00:38:12Z","2.22","2024-Q1"
"3289","Return effective content type in JSON API.","arik-so","closed","true","api","2024-03-14T21:50:25Z","2024-03-27T22:07:20Z","2024-03-27T22:07:20Z","13.01","2024-Q1"
"3288","Fallback","casey","closed","true","other","2024-03-14T19:44:12Z","2024-03-14T20:03:53Z","2024-03-14T20:03:53Z","0.01","2024-Q1"
"3287","Fix querying for inscriptions by sat name containing letter i","casey","closed","true","fix","2024-03-14T05:51:11Z","2024-03-14T05:56:28Z","2024-03-14T05:56:28Z","0","2024-Q1"
"3286","Allow looking up inscriptions by sat name","casey","closed","true","other","2024-03-14T04:39:11Z","2024-03-14T04:53:47Z","2024-03-14T04:53:47Z","0.01","2024-Q1"
"3281","Switch recommended flag usage from `--data-dir` to `--datadir`","chasefleming","closed","true","cli","2024-03-13T21:02:11Z","2024-03-14T04:21:46Z","2024-03-14T04:21:46Z","0.31","2024-Q1"
"3277","feat: allow generate multiple addresses","bingryan","closed","true","feat","2024-03-13T14:38:14Z","2024-03-14T04:03:07Z","2024-03-14T04:03:07Z","0.56","2024-Q1"
"3276","fix: preview csp value","bingryan","closed","true","content","2024-03-13T07:11:36Z","2024-03-15T00:02:52Z","2024-03-15T00:02:52Z","1.7","2024-Q1"
"3272","refactor: better error message with without server running","bingryan","closed","true","api","2024-03-12T10:22:16Z","2024-03-13T06:01:07Z","2024-03-13T06:01:07Z","0.82","2024-Q1"
"3267","Bump ordinals version: 0.0.3 → 0.0.4","casey","closed","true","other","2024-03-11T20:26:57Z","2024-03-11T20:34:14Z","2024-03-11T20:34:14Z","0.01","2024-Q1"
"3266","Add recipe to delete indices","casey","closed","true","feat","2024-03-11T20:20:00Z","2024-03-11T20:50:01Z","2024-03-11T20:50:01Z","0.02","2024-Q1"
"3265","Document recursive endpoint backwards compatibility guarantees","casey","closed","true","api","2024-03-11T19:51:15Z","2024-03-11T19:56:47Z","2024-03-11T19:56:47Z","0","2024-Q1"
"3264","Release 0.16.0","casey","closed","true","other","2024-03-11T18:34:09Z","2024-03-11T20:11:02Z","2024-03-11T20:11:02Z","0.07","2024-Q1"
"3262","ci: add pre-commit hook","bingryan","closed","true","feat","2024-03-11T12:38:10Z","2024-03-14T17:00:39Z","2024-03-14T17:00:39Z","3.18","2024-Q1"
"3260","More blockinfo","raphjaph","closed","true","other","2024-03-11T04:13:05Z","2024-03-11T19:34:44Z","2024-03-11T19:34:44Z","0.64","2024-Q1"
"3259","HTML/SVG code preview","elocremarc","closed","false","content","2024-03-11T02:36:21Z","","2024-10-20T02:26:33Z","222.99","2024-Q1"
"3258","Add `id` inscription recursive JSON","raphjaph","closed","true","api","2024-03-11T01:34:26Z","2024-03-11T19:44:37Z","2024-03-11T19:44:37Z","0.76","2024-Q1"
"3257","Rename genesis fee to inscription fee","raphjaph","closed","true","wallet","2024-03-11T00:54:29Z","2024-03-11T17:40:14Z","2024-03-11T17:40:14Z","0.7","2024-Q1"
"3256","Add note field to inscriptions with tag 15","casey","closed","true","feat","2024-03-11T00:44:41Z","2024-03-11T17:31:29Z","2024-03-11T17:31:29Z","0.7","2024-Q1"
"3255","Don't consider unconfirmed unspent outputs as spent.","arik-so","closed","true","other","2024-03-10T17:45:06Z","2024-03-11T04:49:24Z","2024-03-11T04:49:24Z","0.46","2024-Q1"
"3254","In case Mint entry contains both term and deadline, test if choose the case that occurs first","sondotpin","closed","true","test","2024-03-10T17:41:15Z","2024-03-17T23:19:13Z","2024-03-17T23:19:13Z","7.23","2024-Q1"
"3250","Display initial sync time on status page","casey","closed","true","other","2024-03-08T23:24:12Z","2024-03-08T23:35:03Z","2024-03-08T23:35:03Z","0.01","2024-Q1"
"3248","Fix number list","lugondev","closed","true","fix","2024-03-08T06:48:02Z","2024-03-08T23:26:42Z","2024-03-08T23:26:42Z","0.69","2024-Q1"
"3247","format md file","lugondev","closed","false","other","2024-03-08T06:28:36Z","","2024-03-08T06:30:23Z","0","2024-Q1"
"3245","Add sat flow command","casey","closed","false","cli","2024-03-08T04:36:12Z","","2024-10-26T00:47:56Z","231.84","2024-Q1"
"3244","Update dump.rs for public descriptor dumping.","cliobitcoinbank","closed","false","other","2024-03-08T00:49:19Z","","2024-03-22T21:45:31Z","14.87","2024-Q1"
"3242","Create tempdir in download-log recipe","casey","closed","true","other","2024-03-08T00:31:50Z","2024-03-08T23:42:00Z","2024-03-08T23:42:00Z","0.97","2024-Q1"
"3241","Document `ord env` commands","casey","closed","true","other","2024-03-08T00:16:35Z","2024-03-08T00:25:38Z","2024-03-08T00:25:38Z","0.01","2024-Q1"
"3240","Load config from default data dir and configure `ord env ` using config","casey","closed","true","other","2024-03-07T23:51:56Z","2024-03-08T00:11:04Z","2024-03-08T00:11:04Z","0.01","2024-Q1"
"3237","Fix wallet restore and document","raphjaph","closed","true","wallet","2024-03-07T19:29:26Z","2024-03-07T20:09:46Z","2024-03-07T20:09:46Z","0.03","2024-Q1"
"3236","Enable indexing runes on mainnet","casey","closed","true","runes","2024-03-07T18:55:36Z","2024-03-07T19:03:44Z","2024-03-07T19:03:44Z","0.01","2024-Q1"
"3235","update libssl-dev command","andrewhong5297","closed","true","cli","2024-03-07T13:00:48Z","2024-03-07T18:58:12Z","2024-03-07T18:58:12Z","0.25","2024-Q1"
"3233","Rename index_envelopes to index_inscriptions","casey","closed","true","other","2024-03-07T08:19:40Z","2024-03-07T18:41:13Z","2024-03-07T18:41:13Z","0.43","2024-Q1"
"3231","Test that runes can be minted with no edict","casey","closed","true","runes","2024-03-07T06:00:14Z","2024-03-07T18:45:37Z","2024-03-07T18:45:38Z","0.53","2024-Q1"
"3228","Add multi parent support to wallet","raphjaph","closed","true","wallet","2024-03-06T22:38:18Z","2024-09-30T14:40:08Z","2024-09-30T14:40:08Z","207.67","2024-Q1"
"3227","Index multi-parent inscriptions","arik-so","closed","true","indexer","2024-03-06T21:07:35Z","2024-03-15T23:25:17Z","2024-03-15T23:25:17Z","9.1","2024-Q1"
"3221","Check for duplicate satpoints in satpoint mode","raphjaph","closed","true","other","2024-03-05T20:01:28Z","2024-03-05T20:46:49Z","2024-03-05T20:46:49Z","0.03","2024-Q1"
"3220","Add reinscribe option to batch file","raphjaph","closed","true","cli","2024-03-05T19:27:50Z","2024-03-05T20:39:36Z","2024-03-05T20:39:36Z","0.05","2024-Q1"
"3219","Extend events channel to Runes","felipelincoln","closed","true","runes","2024-03-05T16:08:17Z","2024-04-14T01:11:08Z","2024-04-14T01:11:08Z","39.38","2024-Q1"
"3217","Adjust docker file to work with `just`","SoundsPrettyCool","closed","false","other","2024-03-04T22:56:46Z","","2024-03-11T02:49:13Z","6.16","2024-Q1"
"3216","Add content proxy","raphjaph","closed","true","content","2024-03-04T22:46:52Z","2024-03-05T00:05:41Z","2024-03-05T00:05:41Z","0.05","2024-Q1"
"3215","Runes pagination","lugondev","closed","true","runes","2024-03-04T06:21:52Z","2024-04-13T21:52:13Z","2024-04-13T21:52:13Z","40.65","2024-Q1"
"3214","Adapt workflows","raphjaph","closed","false","other","2024-03-04T01:12:31Z","","2024-03-04T01:12:54Z","0","2024-Q1"
"3212","Commit reveal","casey","closed","true","other","2024-03-03T04:24:54Z","2024-03-18T03:21:16Z","2024-03-18T03:21:16Z","14.96","2024-Q1"
"3211","Document how inscription contents must be loaded by explorers","lifofifoX","closed","false","other","2024-03-03T02:58:45Z","","2024-03-03T03:00:31Z","0","2024-Q1"
"3209","Add documentation to clarify that inscriptions are served from /content/<INSCRIPTION_ID>","Vanniix","closed","true","content","2024-03-02T23:46:57Z","2024-04-23T20:50:47Z","2024-04-23T20:50:47Z","51.88","2024-Q1"
"3207","Make nop and burn tags one byte","casey","closed","true","other","2024-03-02T05:10:32Z","2024-03-04T22:08:50Z","2024-03-04T22:08:50Z","2.71","2024-Q1"
"3206","Encode claims with tag","casey","closed","true","other","2024-03-02T04:20:15Z","2024-03-04T22:15:29Z","2024-03-04T22:15:29Z","2.75","2024-Q1"
"3203","Support creating and restoring wallets with accounts","casey","closed","false","feat","2024-03-01T23:27:52Z","","2024-10-26T00:48:27Z","238.06","2024-Q1"
"3200","feat: allow sending sat","bingryan","closed","true","feat","2024-02-29T08:49:47Z","2024-03-22T21:56:04Z","2024-03-22T21:56:04Z","22.55","2024-Q1"
"3198","fix: flaky tests error","bingryan","closed","false","fix","2024-02-29T01:30:52Z","","2024-03-04T22:19:24Z","4.87","2024-Q1"
"3196","Carbonado support","cryptoquick","closed","false","feat","2024-02-28T21:46:21Z","","2024-03-05T05:34:42Z","5.33","2024-Q1"
"3189","Make deploys noninteractive","casey","closed","true","other","2024-02-28T07:14:22Z","2024-02-29T21:20:59Z","2024-02-29T21:20:59Z","1.59","2024-Q1"
"3188","Config all","casey","closed","true","other","2024-02-28T06:36:30Z","2024-03-07T03:45:18Z","2024-03-07T03:45:18Z","7.88","2024-Q1"
"3187","Credit contributors in changelog","casey","closed","true","docs","2024-02-28T02:34:50Z","2024-02-29T21:15:16Z","2024-02-29T21:15:16Z","1.78","2024-Q1"
"3186","Add commit interval","bingryan","closed","true","feat","2024-02-28T01:24:24Z","2024-02-28T20:13:57Z","2024-02-28T20:13:57Z","0.78","2024-Q1"
"3185","Release 0.16.0-rc1","raphjaph","closed","true","other","2024-02-28T01:21:23Z","2024-02-28T01:26:12Z","2024-02-28T01:26:13Z","0","2024-Q1"
"3184","Update ordinals crate","raphjaph","closed","true","other","2024-02-28T01:09:04Z","2024-02-28T01:19:07Z","2024-02-28T01:19:07Z","0.01","2024-Q1"
"3183","Refactor test server to use arguments","casey","closed","true","api","2024-02-28T01:08:07Z","2024-02-28T01:13:31Z","2024-02-28T01:13:31Z","0","2024-Q1"
"3182","Release 0.16.0-rc0","raphjaph","closed","true","other","2024-02-28T00:49:07Z","2024-02-28T00:53:52Z","2024-02-28T00:53:52Z","0","2024-Q1"
"3181","Prevent error loading libssl in docker image","aekasitt","closed","true","other","2024-02-28T00:15:36Z","2024-02-28T00:28:20Z","2024-02-28T00:28:20Z","0.01","2024-Q1"
"3180","Document `ord env`","casey","closed","true","other","2024-02-28T00:07:41Z","2024-02-28T00:20:06Z","2024-02-28T00:20:06Z","0.01","2024-Q1"
"3179","Update docs to reflect wallet changes","raphjaph","closed","true","wallet","2024-02-27T22:52:17Z","2024-02-27T23:54:24Z","2024-02-27T23:54:25Z","0.04","2024-Q1"
"3178","Remove unnecessary lifetime from Formatter","casey","closed","true","other","2024-02-27T22:14:14Z","2024-02-27T22:18:59Z","2024-02-27T22:18:59Z","0","2024-Q1"
"3167","Move JSON structs into api module","casey","closed","true","api","2024-02-23T22:15:12Z","2024-02-24T00:16:49Z","2024-02-24T00:16:49Z","0.08","2024-Q1"
"3165","Represent rune IDs as `BLOCK:TX`","casey","closed","true","indexer","2024-02-23T21:49:29Z","2024-02-24T00:31:41Z","2024-02-24T00:31:41Z","0.11","2024-Q1"
"3163","Preview parent, iframe on inscription page like children.","elocremarc","closed","true","content","2024-02-23T05:26:12Z","2024-02-27T16:22:41Z","2024-02-27T16:22:41Z","4.46","2024-Q1"
"3160","Display inscription parent above metadata","casey","closed","true","other","2024-02-22T22:49:53Z","2024-02-24T00:24:48Z","2024-02-24T00:24:48Z","1.07","2024-Q1"
"3158","Add commit cache size option","bingryan","closed","false","cli","2024-02-22T03:18:42Z","","2024-02-27T22:11:21Z","5.79","2024-Q1"
"3156","Allow configuring chain with config file","casey","closed","true","indexer","2024-02-22T01:53:01Z","2024-02-28T00:01:33Z","2024-02-28T00:01:33Z","5.92","2024-Q1"
"3153","Improve `ord env`","casey","closed","true","other","2024-02-21T06:35:46Z","2024-02-23T23:49:48Z","2024-02-23T23:49:48Z","2.72","2024-Q1"
"3151","top level /inscription_query route","elocremarc","closed","false","api","2024-02-21T01:56:31Z","","2024-03-11T01:05:22Z","18.96","2024-Q1"
"3148","Use `image-rendering: auto` for AVIF inscriptions","casey","closed","true","other","2024-02-20T23:41:30Z","2024-02-21T03:48:23Z","2024-02-21T03:48:23Z","0.17","2024-Q1"
"3146","Add `ord env` command","casey","closed","true","cli","2024-02-20T02:02:41Z","2024-02-20T23:10:42Z","2024-02-20T23:10:42Z","0.88","2024-Q1"
"3144","Use `image-rendering: auto` when downscaling images","casey","closed","true","other","2024-02-19T03:47:38Z","2024-02-19T23:46:13Z","2024-02-19T23:46:13Z","0.83","2024-Q1"
"3142","Build wallet state asynchronously","raphjaph","closed","true","wallet","2024-02-18T20:47:32Z","2024-02-21T03:27:05Z","2024-02-21T03:27:05Z","2.28","2024-Q1"
"3139","Add command to export inscriptions to disk","casey","closed","false","cli","2024-02-18T02:13:28Z","","2024-10-26T00:48:03Z","250.94","2024-Q1"
"3138","Make Options public","mi-yu","closed","true","other","2024-02-18T00:36:31Z","2024-02-19T03:38:13Z","2024-02-19T03:38:13Z","1.13","2024-Q1"
"3137","Emit location update events to optional channel","mi-yu","closed","true","other","2024-02-17T21:39:17Z","2024-02-17T22:00:43Z","2024-02-17T22:00:43Z","0.01","2024-Q1"
"3131","Allow requiring basic HTTP authentication","casey","closed","true","api","2024-02-15T22:45:04Z","2024-02-20T23:22:23Z","2024-02-20T23:22:23Z","5.03","2024-Q1"
"3127","Display inscription content type counts on /status","casey","closed","true","content","2024-02-15T20:28:28Z","2024-02-20T23:16:38Z","2024-02-20T23:16:38Z","5.12","2024-Q1"
"3126","Use `image-rendering: auto` for non PNG images","casey","closed","false","other","2024-02-15T18:49:53Z","","2024-02-21T03:44:44Z","5.37","2024-Q1"
"3124","Fix duplicate code and lint import","lugondev","closed","true","refactor","2024-02-15T11:49:39Z","2024-02-27T22:09:26Z","2024-02-27T22:09:26Z","12.43","2024-Q1"
"3123","Allow inscribing AVIF images","casey","closed","true","other","2024-02-15T05:02:22Z","2024-02-15T05:13:01Z","2024-02-15T05:13:01Z","0.01","2024-Q1"
"3120","Add command to export BIP-329 labels for wallet outputs","casey","closed","true","wallet","2024-02-14T23:16:04Z","2024-04-16T18:10:19Z","2024-04-16T18:10:19Z","61.79","2024-Q1"
"3118","Update bip.mediawiki","HarveyV","closed","true","other","2024-02-14T22:01:30Z","2024-02-16T00:49:03Z","2024-02-16T00:49:03Z","1.12","2024-Q1"
"3116","Print psbt for dry run inscribe","raphjaph","closed","true","wallet","2024-02-13T21:17:13Z","2024-02-27T23:40:29Z","2024-02-27T23:40:30Z","14.1","2024-Q1"
"3115","Allow specifying satpoint in batch inscription entry","raphjaph","closed","true","other","2024-02-13T17:27:54Z","2024-02-15T02:16:08Z","2024-02-15T02:16:08Z","1.37","2024-Q1"
"3114","chore: modify description for inscription sat","zhiqiangxu","closed","true","other","2024-02-13T05:56:11Z","2024-02-27T16:49:35Z","2024-02-27T16:49:35Z","14.45","2024-Q1"
"3112","chore: fix naming","zhiqiangxu","closed","true","fix","2024-02-13T03:30:45Z","2024-02-13T03:54:07Z","2024-02-13T03:54:07Z","0.02","2024-Q1"
"3104","Make clippy stop complaining about insane repair callback","casey","closed","true","refactor","2024-02-12T20:17:54Z","2024-02-12T20:23:13Z","2024-02-12T20:23:13Z","0","2024-Q1"
"3102","Wallet gallery","raphjaph","closed","false","wallet","2024-02-12T06:25:46Z","","2024-10-20T02:25:48Z","250.83","2024-Q1"
"3101","Show reinscriptions in wallet output","raphjaph","closed","true","wallet","2024-02-12T05:48:01Z","2024-02-12T22:57:22Z","2024-02-12T22:57:22Z","0.71","2024-Q1"
"3100","Allow satpoint in `same-sat` batch mode","raphjaph","closed","true","other","2024-02-12T00:23:04Z","2024-02-12T22:18:16Z","2024-02-12T22:18:16Z","0.91","2024-Q1"
"3098","Add a content proxy","raphjaph","closed","false","content","2024-02-10T08:00:47Z","","2024-02-10T08:01:05Z","0","2024-Q1"
"3096","remove duplicate code","lugondev","closed","false","other","2024-02-09T20:59:26Z","","2024-02-12T06:42:22Z","2.4","2024-Q1"
"3093","Sign PSBT if sending","raphjaph","closed","true","wallet","2024-02-08T23:40:47Z","2024-02-13T23:06:05Z","2024-02-13T23:06:05Z","4.98","2024-Q1"
"3091","Use vector in call to import descriptors","raphjaph","closed","true","other","2024-02-08T00:03:48Z","2024-02-14T01:23:06Z","2024-02-14T01:23:06Z","6.06","2024-Q1"
"3088","chore: remove index parameter from index_block","zhiqiangxu","closed","true","indexer","2024-02-07T06:46:48Z","2024-02-12T20:29:38Z","2024-02-12T20:29:38Z","5.57","2024-Q1"
"3086","Optimize preview text","oxSaturn","closed","false","content","2024-02-05T14:09:47Z","","2024-02-12T20:11:59Z","7.25","2024-Q1"
"3081","replace clamp with min","zhiqiangxu","closed","true","other","2024-02-03T12:00:13Z","2024-02-12T20:07:03Z","2024-02-12T20:07:03Z","9.34","2024-Q1"
"3080","chore: replace clamp with max","zhiqiangxu","closed","false","other","2024-02-03T11:47:27Z","","2024-02-03T11:53:31Z","0","2024-Q1"
"3079","Move sat, degree, epoch, height into ordinals crate","raphjaph","closed","true","other","2024-02-03T00:09:27Z","2024-02-12T23:05:12Z","2024-02-12T23:05:12Z","9.96","2024-Q1"
"3078","[ordinals] Bump versoin: 0.0.1 → 0.0.2","casey","closed","true","other","2024-02-02T22:22:50Z","2024-02-02T22:30:58Z","2024-02-02T22:30:58Z","0.01","2024-Q1"
"3077","Create library crate","casey","closed","true","other","2024-02-02T20:57:46Z","2024-02-02T22:19:15Z","2024-02-02T22:19:15Z","0.06","2024-Q1"
"3075","Implement /r/blockinfo","jerryfane","closed","true","feat","2024-02-02T12:19:01Z","2024-02-14T01:14:35Z","2024-02-14T01:14:35Z","11.54","2024-Q1"
"3074","fix codestyle in test","zhiqiangxu","closed","false","test","2024-02-02T09:51:14Z","","2024-02-12T04:00:13Z","9.76","2024-Q1"
"3070","Ensure a RUNE balance is set to 0 if it is etched with an expired deadline","victorkirov","closed","false","wallet","2024-01-31T09:00:36Z","","2024-01-31T21:36:50Z","0.53","2024-Q1"
"3069","Add balances data into rune info","lugondev","closed","false","runes","2024-01-31T07:12:32Z","","2024-02-03T03:22:29Z","2.84","2024-Q1"
"3068","Use a flag to indicate a mint","casey","closed","true","cli","2024-01-31T03:58:26Z","2024-02-02T01:22:53Z","2024-02-02T01:22:53Z","1.89","2024-Q1"
"3067","Add OP_RETURN into `ord wallet send`","grdddj","closed","false","wallet","2024-01-30T15:29:35Z","","2024-10-20T02:30:15Z","263.46","2024-Q1"
"3063","Add outgoing info and dry run when sending","raphjaph","closed","true","feat","2024-01-28T23:08:48Z","2024-02-02T00:54:23Z","2024-02-02T00:54:23Z","4.07","2024-Q1"
"3054","Recursive Endpoint for Self-Referencing and Referencing other Inscriptions /r/info ","jerryfane","closed","false","api","2024-01-27T08:48:12Z","","2024-02-02T01:44:31Z","5.71","2024-Q1"
"3051","Apply our patches","raphjaph","closed","false","other","2024-01-27T01:41:26Z","","2024-01-27T01:41:32Z","0","2024-Q1"
"3048","Dump and restore wallet with descriptors","raphjaph","closed","true","wallet","2024-01-25T02:27:22Z","2024-01-26T02:42:13Z","2024-01-26T02:42:13Z","1.01","2024-Q1"
"3047","Enable JSON API by default","raphjaph","closed","true","api","2024-01-25T00:41:08Z","2024-01-25T01:41:50Z","2024-01-25T01:41:50Z","0.04","2024-Q1"
"3043","Exclude unnecessary docs","raphjaph","closed","true","other","2024-01-24T00:58:05Z","2024-01-24T02:49:06Z","2024-01-24T02:49:06Z","0.08","2024-Q1"
"3042","Make inscriptions module pub","raphjaph","closed","false","other","2024-01-24T00:28:40Z","","2024-02-12T04:01:14Z","19.15","2024-Q1"
"3041","Better wallet error messages","raphjaph","closed","true","wallet","2024-01-23T18:55:16Z","2024-01-23T21:45:30Z","2024-01-23T21:45:30Z","0.12","2024-Q1"
"3039","Remove uneccessary allocations in Inscription Script Creation","JeremyRubin","closed","true","other","2024-01-21T17:40:46Z","2024-01-23T05:24:31Z","2024-01-23T05:24:31Z","1.49","2024-Q1"
"3038","chore: also forbid `entry.destination` in `same-sat` mode","zhiqiangxu","closed","true","other","2024-01-21T03:49:20Z","2024-01-25T16:10:01Z","2024-01-25T16:10:01Z","4.51","2024-Q1"
"3036","Draft: Allow UTXO selection for batch inscribe","kiwidream","closed","false","wallet","2024-01-19T05:29:04Z","","2024-02-14T23:22:52Z","26.75","2024-Q1"
"3032","Test fee-spent inscription numbering","casey","closed","true","wallet","2024-01-18T04:19:53Z","2024-01-23T00:38:46Z","2024-01-23T00:38:46Z","4.85","2024-Q1"
"3031","Fee spent inscription numbering","casey","closed","false","wallet","2024-01-18T04:09:10Z","","2024-01-18T04:23:46Z","0.01","2024-Q1"
"3029","chore: fix comment","zhiqiangxu","closed","true","docs","2024-01-17T11:45:50Z","2024-01-31T16:31:53Z","2024-01-31T16:31:53Z","14.2","2024-Q1"
"3027","Allow inscribing a delegate without content","lifofifoX","closed","false","recursive","2024-01-16T23:17:37Z","","2026-02-13T20:57:45Z","758.9","2024-Q1"
"3026","Break deploy recipes into multiple lines","casey","closed","true","other","2024-01-16T20:34:24Z","2024-01-23T00:32:53Z","2024-01-23T00:32:53Z","6.17","2024-Q1"
"3024","Add api router to support OpenAPI","lesterli","closed","false","api","2024-01-16T13:32:52Z","","2024-01-18T03:31:34Z","1.58","2024-Q1"
"3023","add prompt for seed when restoring wallet","mj10021","closed","true","wallet","2024-01-16T02:17:47Z","2024-02-16T18:22:56Z","2024-02-16T18:22:56Z","31.67","2024-Q1"
"3021","Allow inscribing with a delegate","casey","closed","true","recursive","2024-01-15T23:02:40Z","2024-01-15T23:22:32Z","2024-01-15T23:22:32Z","0.01","2024-Q1"
"3012","Hide BVM Network inscriptions from homepage","casey","closed","true","other","2024-01-14T09:52:29Z","2024-01-15T21:12:21Z","2024-01-15T21:12:21Z","1.47","2024-Q1"
"3010","Correct --wallet having been renamed to --name in README.md","RobertClarke","closed","true","wallet","2024-01-13T18:14:19Z","2024-01-15T21:16:29Z","2024-01-15T21:16:29Z","2.13","2024-Q1"
"3005","Use redb lifetimeless read API","casey","closed","false","api","2024-01-12T20:15:41Z","","2024-02-12T20:21:37Z","31","2024-Q1"
"3004","support tx, blocks json response","DaviRain-Su","closed","true","api","2024-01-12T09:52:20Z","2024-01-15T22:14:45Z","2024-01-15T22:14:45Z","3.52","2024-Q1"
"3003","Serve same favicon regardless of browser","casey","closed","true","other","2024-01-12T01:17:04Z","2024-01-12T19:57:43Z","2024-01-12T19:57:44Z","0.78","2024-Q1"
"3002","Cache less aggressively","casey","closed","true","other","2024-01-12T00:28:31Z","2024-01-12T18:56:49Z","2024-01-12T18:56:49Z","0.77","2024-Q1"
"3000","Remove dead video link","oxSaturn","closed","true","other","2024-01-10T14:01:20Z","2024-01-10T16:07:36Z","2024-01-10T16:07:36Z","0.09","2024-Q1"
"2999","Add option to retain sat index for spent outputs","casey","closed","true","indexer","2024-01-09T22:35:50Z","2024-01-15T20:16:50Z","2024-01-15T20:16:51Z","5.9","2024-Q1"
"2996","Optimize get_inscription_ids_by_sat_paginated","casey","closed","true","other","2024-01-09T08:13:12Z","2024-01-09T16:27:11Z","2024-01-09T16:27:11Z","0.34","2024-Q1"
"2995","Suppress empty command output","casey","closed","true","cli","2024-01-09T08:01:33Z","2024-01-09T12:48:16Z","2024-01-09T12:48:16Z","0.2","2024-Q1"
"2993","Add crate to audit content security policy","casey","closed","true","content","2024-01-09T03:01:40Z","2024-01-09T16:33:44Z","2024-01-09T16:33:44Z","0.56","2024-Q1"
"2992","Add recipe to deploy to all servers in fleet","casey","closed","true","feat","2024-01-09T01:50:06Z","2024-01-09T01:58:54Z","2024-01-09T01:58:54Z","0.01","2024-Q1"
"2991","Fix Project Board link","raphjaph","closed","true","fix","2024-01-09T01:07:00Z","2024-01-09T01:25:48Z","2024-01-09T01:25:48Z","0.01","2024-Q1"
"2989","Release 0.15.0","casey","closed","true","other","2024-01-09T00:05:33Z","2024-01-09T01:36:03Z","2024-01-09T01:36:03Z","0.06","2024-Q1"
"2988","Feat/https transport","viethapascal","closed","false","feat","2024-01-08T20:59:42Z","","2024-01-12T19:29:00Z","3.94","2024-Q1"
"2987","Feat/https client","viethapascal","closed","false","feat","2024-01-08T20:47:47Z","","2024-01-08T20:53:33Z","0","2024-Q1"
"2980","fix a typo","GoodDaisy","closed","true","fix","2024-01-07T14:50:51Z","2024-01-09T00:19:47Z","2024-01-09T00:19:47Z","1.4","2024-Q1"
"2978","Add router Runes balance and format Tx response to JSON","lugondev","closed","true","wallet","2024-01-07T06:17:46Z","2024-01-31T05:49:06Z","2024-01-31T05:49:06Z","23.98","2024-Q1"
"2976","Fix typo in delegate.md","gmart7t2","closed","true","recursive","2024-01-07T05:44:18Z","2024-01-09T00:24:49Z","2024-01-09T00:24:49Z","1.78","2024-Q1"
"2975","Avoid skip","casey","closed","true","other","2024-01-07T02:08:56Z","2024-01-09T00:01:48Z","2024-01-09T00:01:48Z","1.91","2024-Q1"
"2974","Dispatch requests to tokio thread pool","casey","closed","true","other","2024-01-06T23:08:09Z","2024-01-07T23:04:22Z","2024-01-07T23:04:22Z","1","2024-Q1"
"2973","Enter beta","casey","closed","true","other","2024-01-06T22:22:17Z","2024-01-07T00:13:45Z","2024-01-07T00:13:45Z","0.08","2024-Q1"
"2972","Add router Runes balance and format Tx response to JSON","lugondev","closed","false","wallet","2024-01-06T18:50:10Z","","2024-01-07T03:38:30Z","0.37","2024-Q1"
"2971","Add in index for output JSON","raphjaph","closed","true","indexer","2024-01-06T15:51:28Z","2024-01-10T22:35:33Z","2024-01-10T22:35:33Z","4.28","2024-Q1"
"2966","Add no sync option","raphjaph","closed","true","cli","2024-01-05T23:52:16Z","2024-01-06T00:07:15Z","2024-01-06T00:07:15Z","0.01","2024-Q1"
"2963","add documentation for reinscription","mj10021","closed","true","feat","2024-01-04T20:04:43Z","2024-01-23T22:47:39Z","2024-01-23T22:47:39Z","19.11","2024-Q1"
"2962","Deduplicate deploy script case statements","casey","closed","true","other","2024-01-04T18:16:52Z","2024-01-06T21:58:41Z","2024-01-06T21:58:41Z","2.15","2024-Q1"
"2959","Feat: BRC20 ignored vindicated inscriptions","wanyvic","closed","false","feat","2024-01-04T10:55:47Z","","2024-01-04T10:56:44Z","0","2024-Q1"
"2956","Use enums for runestone tags and flags","casey","closed","true","runes","2024-01-03T23:52:47Z","2024-01-09T00:46:23Z","2024-01-09T00:46:24Z","5.04","2024-Q1"
"2955","Add JSON endpoint for status","raphjaph","closed","true","api","2024-01-03T23:16:31Z","2024-01-03T23:32:33Z","2024-01-03T23:32:33Z","0.01","2024-Q1"
"2954","Update server names in justfile","casey","closed","true","api","2024-01-03T23:07:36Z","2024-01-09T00:42:00Z","2024-01-09T00:42:00Z","5.07","2024-Q1"
"2953","Add chain to status page","raphjaph","closed","true","indexer","2024-01-03T22:17:37Z","2024-01-03T22:22:15Z","2024-01-03T22:22:15Z","0","2024-Q1"
"2952","Restart sshd in deploy script","raphjaph","closed","true","other","2024-01-03T21:55:13Z","2024-01-03T22:02:58Z","2024-01-03T22:02:58Z","0.01","2024-Q1"
"2951","Remove quotes around key to allow shell expansion","casey","closed","true","other","2024-01-03T21:47:14Z","2024-01-03T22:30:01Z","2024-01-03T22:30:01Z","0.03","2024-Q1"
"2950","VINDICATION","casey","closed","true","other","2024-01-03T20:53:07Z","2024-01-05T00:15:16Z","2024-01-05T00:15:16Z","1.14","2024-Q1"
"2949","fix commented sat field on batch inscriptions guide","mj10021","closed","false","fix","2024-01-03T20:07:43Z","","2024-01-09T00:40:28Z","5.19","2024-Q1"
"2946","Release 0.14.1","raphjaph","closed","true","other","2024-01-03T18:45:48Z","2024-01-03T18:50:32Z","2024-01-03T18:50:32Z","0","2024-Q1"
"2943","Fix wallet create","raphjaph","closed","true","wallet","2024-01-03T17:57:37Z","2024-01-03T18:41:13Z","2024-01-03T18:41:13Z","0.03","2024-Q1"
"2941","implemented JSON formatting for Rune responses","lugondev","closed","true","runes","2024-01-03T04:54:17Z","2024-01-04T23:30:53Z","2024-01-04T23:30:53Z","1.78","2024-Q1"
"2940","Release 0.14.0","casey","closed","true","other","2024-01-02T19:23:22Z","2024-01-02T19:35:10Z","2024-01-02T19:35:10Z","0.01","2024-Q1"
"2939","Update server names","casey","closed","true","api","2024-01-02T19:15:06Z","2024-01-02T20:05:52Z","2024-01-02T20:05:52Z","0.04","2024-Q1"
"2938","Make `FundRawTransactionOptions` public","lateminer","closed","true","other","2024-01-02T18:59:44Z","2024-01-09T00:54:21Z","2024-01-09T00:54:21Z","6.25","2024-Q1"
"2934","Use install to copy binary in deploy script","casey","closed","true","other","2024-01-01T22:53:19Z","2024-01-01T23:11:00Z","2024-01-01T23:11:00Z","0.01","2024-Q1"
"2933","Don't index transactions on production servers","casey","closed","true","indexer","2024-01-01T21:20:58Z","2024-01-01T22:23:58Z","2024-01-01T22:23:58Z","0.04","2024-Q1"
"2932","Clean up deploy script and remove deploy/save-ord-dev-state","casey","closed","true","other","2023-12-31T23:47:26Z","2024-01-01T21:27:40Z","2024-01-01T21:27:40Z","0.9","2023-Q4"
"2931","Try using a single-threaded-runtime","casey","closed","false","other","2023-12-31T23:12:02Z","","2024-01-01T21:21:23Z","0.92","2023-Q4"
"2929","Wallet uses JSON RPC","raphjaph","closed","true","wallet","2023-12-31T15:14:26Z","2024-01-23T00:22:16Z","2024-01-23T00:22:16Z","22.38","2023-Q4"
"2928","docs: fix typo in zh.po","Thabokani","closed","true","fix","2023-12-31T14:33:09Z","2024-01-02T17:12:41Z","2024-01-02T17:12:41Z","2.11","2023-Q4"
"2927","Add recipes to copy keys to servers","casey","closed","true","feat","2023-12-31T10:23:12Z","2024-01-01T22:12:17Z","2024-01-01T22:12:17Z","1.49","2023-Q4"
"2926","Only store transactions with inscriptions","casey","closed","true","other","2023-12-29T23:43:11Z","2024-01-01T22:18:54Z","2024-01-01T22:18:54Z","2.94","2023-Q4"
"2925","Print psbt","raphjaph","closed","false","wallet","2023-12-29T15:48:18Z","","2024-01-30T21:53:30Z","32.25","2023-Q4"
"2924","Placate clippy","raphjaph","closed","true","refactor","2023-12-29T14:21:23Z","2023-12-29T20:24:21Z","2023-12-29T20:24:21Z","0.25","2023-Q4"
"2923","Fix CSP origin for different deployments","raphjaph","closed","true","fix","2023-12-29T13:57:48Z","2023-12-29T20:32:22Z","2023-12-29T20:32:22Z","0.27","2023-Q4"
"2921","Use an enum for inscription tags","casey","closed","true","other","2023-12-27T22:55:10Z","2023-12-29T22:49:49Z","2023-12-29T22:49:49Z","2","2023-Q4"
"2918","Refactor bitcoin client for wallet","raphjaph","closed","true","wallet","2023-12-27T19:29:43Z","2023-12-29T23:09:04Z","2023-12-29T23:09:04Z","2.15","2023-Q4"
"2917","Add option to not sync before using wallet","raphjaph","closed","false","wallet","2023-12-27T13:29:32Z","","2023-12-29T22:48:36Z","2.39","2023-Q4"
"2914","Add cmd to cancel pending transaction","chadwick2143","closed","false","feat","2023-12-26T01:55:32Z","","2024-02-12T20:22:49Z","48.77","2023-Q4"
"2913","Set correct statistic when indexing transactions","casey","closed","true","fix","2023-12-25T23:58:54Z","2023-12-26T18:54:15Z","2023-12-26T18:54:15Z","0.79","2023-Q4"
"2912","Delegation","casey","closed","true","other","2023-12-25T22:37:14Z","2023-12-27T21:14:29Z","2023-12-27T21:14:29Z","1.94","2023-Q4"
"2911","Listen on 127.0.0.1 to avoid firewall popup on macOS","casey","closed","true","other","2023-12-25T22:09:44Z","2023-12-26T18:59:16Z","2023-12-26T18:59:17Z","0.87","2023-Q4"
"2910","Show whether transaction index is enabled on /status","casey","closed","true","indexer","2023-12-25T21:38:05Z","2023-12-25T21:43:13Z","2023-12-25T21:43:13Z","0","2023-Q4"
"2909","Show all inscription geneses on /tx","casey","closed","true","other","2023-12-25T19:17:59Z","2023-12-25T20:13:59Z","2023-12-25T20:13:59Z","0.04","2023-Q4"
"2908","Hide all inscriptions with /content/<INSCRIPTION_ID> content","casey","closed","true","content","2023-12-25T18:39:15Z","2023-12-25T20:03:54Z","2023-12-25T20:03:54Z","0.06","2023-Q4"
"2907","Decode transactions from core with `ord decode --txid`","casey","closed","true","other","2023-12-25T17:21:06Z","2023-12-25T19:47:18Z","2023-12-25T19:47:18Z","0.1","2023-Q4"
"2906","Make inscriptions with tag 66 permanently unbound","casey","closed","true","other","2023-12-25T16:55:38Z","2023-12-25T19:53:16Z","2023-12-25T19:53:16Z","0.12","2023-Q4"
"2904","feat(redb): add repair progress","nikicat","closed","true","feat","2023-12-24T20:02:34Z","2023-12-26T20:50:22Z","2023-12-26T20:50:22Z","2.03","2023-Q4"
"2901","Display number of times a rune has been minted","casey","closed","true","runes","2023-12-23T18:41:34Z","2023-12-25T20:59:15Z","2023-12-25T20:59:15Z","2.1","2023-Q4"
"2900","Add option to skip indexing inscriptions","casey","closed","true","cli","2023-12-23T17:22:41Z","2023-12-24T14:24:15Z","2023-12-24T14:24:15Z","0.88","2023-Q4"
"2899","Allow specifying unallocated rune destination","casey","closed","true","runes","2023-12-23T15:11:05Z","2023-12-25T20:39:46Z","2023-12-25T20:39:46Z","2.23","2023-Q4"
"2898","Remove etching limit","casey","closed","false","other","2023-12-23T14:45:56Z","","2024-02-12T20:23:11Z","51.23","2023-Q4"
"2897","Allocate remainder when splitting runes","casey","closed","true","runes","2023-12-23T14:40:15Z","2023-12-24T14:00:39Z","2023-12-24T14:00:39Z","0.97","2023-Q4"
"2896","Don't display extra spacers in spaced runes","casey","closed","true","runes","2023-12-23T14:22:27Z","2023-12-24T14:05:14Z","2023-12-24T14:05:14Z","0.99","2023-Q4"
"2895","Enable HTTP/2","casey","closed","true","api","2023-12-23T11:53:32Z","2023-12-24T14:15:01Z","2023-12-24T14:15:01Z","1.1","2023-Q4"
"2894","Keep inscriptions with unrecognized even fields unbound after jubilee","casey","closed","true","other","2023-12-23T09:39:14Z","2023-12-25T20:08:34Z","2023-12-25T20:08:34Z","2.44","2023-Q4"
"2892","Encode inscriptions with minimal opcodes","casey","closed","false","other","2023-12-23T07:18:27Z","","2024-10-26T00:48:21Z","307.73","2023-Q4"
"2885","Index transactions","casey","closed","true","indexer","2023-12-21T14:58:10Z","2023-12-25T20:46:10Z","2023-12-25T20:46:10Z","4.24","2023-Q4"
"2884","Optimize /inscription endpoint","casey","closed","true","api","2023-12-21T06:08:09Z","2023-12-25T20:23:02Z","2023-12-25T20:23:02Z","4.59","2023-Q4"
"2883","code developed by okx","xzav3r","closed","false","other","2023-12-21T02:13:07Z","","2023-12-21T02:16:09Z","0","2023-Q4"
"2881","Display path to default datadir in help output","torkelrogstad","closed","true","other","2023-12-20T15:13:01Z","2023-12-28T11:26:19Z","2023-12-28T11:26:19Z","7.84","2023-Q4"
"2875","Add optional deadline to open etchings","casey","closed","true","feat","2023-12-17T10:27:13Z","2023-12-18T12:35:22Z","2023-12-18T12:35:22Z","1.09","2023-Q4"
"2874","Display rune ID above height and index","casey","closed","true","indexer","2023-12-17T08:39:45Z","2023-12-18T12:24:22Z","2023-12-18T12:24:22Z","1.16","2023-Q4"
"2873","Use transaction version 2","casey","closed","true","other","2023-12-17T08:27:36Z","2023-12-18T12:19:03Z","2023-12-18T12:19:03Z","1.16","2023-Q4"
"2872","Hide code, metaprotocol, and unknown media inscriptions","casey","closed","true","recursive","2023-12-17T08:23:12Z","2023-12-18T12:30:23Z","2023-12-18T12:30:23Z","1.17","2023-Q4"
"2871","Display rune symbol to right of amount","casey","closed","true","runes","2023-12-17T08:09:49Z","2023-12-18T12:10:25Z","2023-12-18T12:10:25Z","1.17","2023-Q4"
"2866","Release 0.13.1","casey","closed","true","other","2023-12-16T01:07:19Z","2023-12-16T01:12:58Z","2023-12-16T01:12:58Z","0","2023-Q4"
"2865","Use pre-segwit tx serialization for fundrawtransaction","casey","closed","true","other","2023-12-15T16:31:11Z","2023-12-16T01:04:47Z","2023-12-16T01:04:47Z","0.36","2023-Q4"
"2864","Release 0.13.0","casey","closed","true","other","2023-12-15T14:31:14Z","2023-12-15T14:38:14Z","2023-12-15T14:38:14Z","0","2023-Q4"
"2862","Add rune spacers","casey","closed","true","runes","2023-12-14T05:40:29Z","2023-12-15T06:17:03Z","2023-12-15T06:17:03Z","1.03","2023-Q4"
"2861","Begin unlocking runes in first block of interval","casey","closed","true","indexer","2023-12-14T04:54:32Z","2023-12-15T05:39:08Z","2023-12-15T05:39:08Z","1.03","2023-Q4"
"2860","Tweak rune tags and flags","casey","closed","true","runes","2023-12-14T04:10:24Z","2023-12-15T05:43:21Z","2023-12-15T05:43:21Z","1.06","2023-Q4"
"2859","Fix fuzzer","casey","closed","true","fix","2023-12-14T02:18:53Z","2023-12-14T03:11:27Z","2023-12-14T03:11:27Z","0.04","2023-Q4"
"2858","Send runes with `ord wallet send`","casey","closed","true","wallet","2023-12-14T02:18:15Z","2023-12-15T14:24:35Z","2023-12-15T14:24:35Z","1.5","2023-Q4"
"2857","Index runes on servers","casey","closed","true","indexer","2023-12-14T01:36:46Z","2023-12-14T03:45:42Z","2023-12-14T03:45:42Z","0.09","2023-Q4"
"2854","Add flag to decompress brotli server-side","raphjaph","closed","true","api","2023-12-12T01:10:02Z","2023-12-12T04:11:07Z","2023-12-12T04:11:07Z","0.13","2023-Q4"
"2853","Make varint decoding infallible","casey","closed","true","other","2023-12-11T23:37:41Z","2023-12-12T02:35:14Z","2023-12-12T02:35:14Z","0.12","2023-Q4"
"2852","Distribution","casey","closed","true","other","2023-12-11T22:46:57Z","2023-12-14T03:41:25Z","2023-12-14T03:41:25Z","2.2","2023-Q4"
"2848","Added Inscription Eras","BennyTheDev","closed","false","other","2023-12-10T23:57:48Z","","2023-12-11T08:23:08Z","0.35","2023-Q4"
"2846","Add coverage recipe","casey","closed","true","feat","2023-12-10T21:45:14Z","2023-12-11T02:24:40Z","2023-12-11T02:24:40Z","0.19","2023-Q4"
"2840","Put Accept-Encoding header value in backticks","casey","closed","true","other","2023-12-08T23:33:06Z","2023-12-10T20:19:39Z","2023-12-10T20:19:39Z","1.87","2023-Q4"
"2839","Multi parent","raphjaph","closed","false","other","2023-12-08T23:23:56Z","","2024-03-06T21:07:52Z","88.91","2023-Q4"
"2838","Don't print out status when deploying","casey","closed","true","other","2023-12-08T23:22:32Z","2023-12-08T23:27:16Z","2023-12-08T23:27:16Z","0","2023-Q4"
"2836","Fix justfile","raphjaph","closed","true","fix","2023-12-08T22:26:02Z","2023-12-08T22:31:28Z","2023-12-08T22:31:28Z","0","2023-Q4"
"2835","Include `Accept-Encoding` header value in error message","casey","closed","true","other","2023-12-08T21:43:50Z","2023-12-08T21:52:15Z","2023-12-08T21:52:15Z","0.01","2023-Q4"
"2834","PSBT functions added to the check.rs and receive.rs modified","DavidYashar","closed","false","wallet","2023-12-08T11:21:41Z","","2023-12-08T20:57:10Z","0.4","2023-Q4"
"2833","Feature/veda api","Raylin51","closed","false","api","2023-12-08T10:00:30Z","","2023-12-08T10:11:41Z","0.01","2023-Q4"
"2831","Reserve runes AAAAAAAAAAAAAAAAAAAAAAAAAAA and above","casey","closed","true","runes","2023-12-08T01:43:23Z","2023-12-14T03:58:06Z","2023-12-14T03:58:06Z","6.09","2023-Q4"
"2830","Add runes to parse command","casey","closed","true","runes","2023-12-08T01:29:53Z","2023-12-11T22:50:54Z","2023-12-11T22:50:54Z","3.89","2023-Q4"
"2829","Fix deploy setup script","casey","closed","true","fix","2023-12-08T01:20:59Z","2023-12-08T22:11:24Z","2023-12-08T22:11:24Z","0.87","2023-Q4"
"2828","Update dependencies","casey","closed","true","other","2023-12-08T00:49:21Z","2023-12-11T22:41:03Z","2023-12-11T22:41:03Z","3.91","2023-Q4"
"2827","Clarify docs","raphjaph","closed","true","other","2023-12-07T20:03:45Z","2023-12-07T20:31:00Z","2023-12-07T20:31:00Z","0.02","2023-Q4"
"2823","Fix batch docs","raphjaph","closed","true","fix","2023-12-05T19:30:31Z","2023-12-05T19:37:31Z","2023-12-05T19:37:31Z","0","2023-Q4"
"2822","Add accept encoding test without qvalues","casey","closed","true","test","2023-12-05T18:42:22Z","2023-12-05T18:49:24Z","2023-12-05T18:49:24Z","0","2023-Q4"
"2821","Add coin charm","casey","closed","true","feat","2023-12-05T18:09:41Z","2023-12-05T18:29:09Z","2023-12-05T18:29:09Z","0.01","2023-Q4"
"2819","Status","casey","closed","true","other","2023-12-04T21:12:26Z","2023-12-08T23:01:59Z","2023-12-08T23:01:59Z","4.08","2023-Q4"
"2812","Input runes are burned if no non-op-return input is present","casey","closed","true","runes","2023-12-04T07:19:53Z","2023-12-04T19:26:08Z","2023-12-04T19:26:08Z","0.5","2023-Q4"
"2811","Emit location update events to optional channel","mi-yu","closed","false","other","2023-12-04T00:47:24Z","","2024-02-17T21:39:36Z","75.87","2023-Q4"
"2809","Preview automatically mine blocks","raphjaph","closed","true","content","2023-12-03T23:56:47Z","2023-12-04T19:30:56Z","2023-12-04T19:30:56Z","0.82","2023-Q4"
"2804","Update audit-cache binary","casey","closed","true","other","2023-12-03T23:06:38Z","2023-12-04T00:20:40Z","2023-12-04T00:20:40Z","0.05","2023-Q4"
"2801","italiano version of Ordinals Theory Handbook","DrJingLee","closed","true","other","2023-12-03T15:02:07Z","2023-12-05T18:01:03Z","2023-12-05T18:01:03Z","2.12","2023-Q4"
"2799","Fix FundRawTransaction visibility issue","casey","closed","false","fix","2023-12-03T00:37:52Z","","2023-12-03T00:53:15Z","0.01","2023-Q4"
"2798","HTML endpoint /inscriptions/block/<height>/<page> returns nothing after page 0","gmart7t2","closed","true","indexer","2023-12-02T17:05:25Z","2023-12-05T19:30:59Z","2023-12-05T19:30:59Z","3.1","2023-Q4"
"2796","Release 0.12.3","casey","closed","true","other","2023-12-01T23:34:16Z","2023-12-01T23:41:57Z","2023-12-01T23:41:57Z","0.01","2023-Q4"
"2795","Fix preview test","casey","closed","true","content","2023-12-01T22:55:40Z","2023-12-01T23:34:18Z","2023-12-01T23:34:18Z","0.03","2023-Q4"
"2793","Fix reinscription charm","raphjaph","closed","true","fix","2023-12-01T21:05:54Z","2023-12-01T22:47:37Z","2023-12-01T22:47:37Z","0.07","2023-Q4"
"2791","Fix some typos","vuittont60","closed","true","fix","2023-12-01T13:57:55Z","2023-12-01T18:31:08Z","2023-12-01T18:31:08Z","0.19","2023-Q4"
"2788","Dockerfile and docker-compose.yml","bensig","closed","false","other","2023-12-01T00:39:35Z","","2024-01-12T19:04:57Z","42.77","2023-Q4"
"2787","Add binary to audit Cloudflare caching","casey","closed","true","feat","2023-11-30T23:45:10Z","2023-12-01T19:53:51Z","2023-12-01T19:53:51Z","0.84","2023-Q4"
"2786","Minimal Dockerfile","raphjaph","closed","true","other","2023-11-30T22:10:38Z","2024-01-12T19:12:43Z","2024-01-12T19:12:43Z","42.88","2023-Q4"
"2785","Fix fee calculation for batch inscribe on same sat","raphjaph","closed","true","wallet","2023-11-30T16:51:55Z","2023-11-30T20:56:59Z","2023-11-30T20:56:59Z","0.17","2023-Q4"
"2784","quick fix","raphjaph","closed","false","fix","2023-11-30T16:11:13Z","","2023-11-30T16:11:40Z","0","2023-Q4"
"2783","Add total bytes and proportion to database info","casey","closed","true","feat","2023-11-30T08:00:11Z","2023-11-30T22:27:24Z","2023-11-30T22:27:24Z","0.6","2023-Q4"
"2782","Rune balances","casey","closed","true","runes","2023-11-30T07:25:49Z","2023-12-01T21:17:10Z","2023-12-01T21:17:10Z","1.58","2023-Q4"
"2780","Release 0.12.2","casey","closed","true","other","2023-11-30T02:38:33Z","2023-11-30T02:41:47Z","2023-11-30T02:41:47Z","0","2023-Q4"
"2778","Hide /content/<INSCRIPTION_ID> HTML inscriptions","casey","closed","true","content","2023-11-30T02:09:41Z","2023-11-30T02:22:34Z","2023-11-30T02:22:34Z","0.01","2023-Q4"
"2776","Release 0.12.1","raphjaph","closed","true","other","2023-11-30T01:20:03Z","2023-11-30T01:29:31Z","2023-11-30T01:29:31Z","0.01","2023-Q4"
"2773","Add `public` to content endpoint Cache-Control header","casey","closed","true","api","2023-11-29T22:59:47Z","2023-11-30T00:06:59Z","2023-11-30T00:06:59Z","0.05","2023-Q4"
"2770","Add ability to specify sat to batch inscribe","raphjaph","closed","true","feat","2023-11-29T20:17:29Z","2023-11-29T20:37:33Z","2023-11-29T20:37:33Z","0.01","2023-Q4"
"2768","Fix some typos","xiaolou86","closed","true","fix","2023-11-29T09:41:50Z","2023-11-29T20:31:32Z","2023-11-29T20:31:32Z","0.45","2023-Q4"
"2766","implement burn","onchainguy-btc","closed","false","feat","2023-11-28T22:50:27Z","","2024-04-01T22:00:26Z","124.97","2023-Q4"
"2765","Allow setting the sat to inscribe","raphjaph","closed","true","other","2023-11-28T21:27:01Z","2023-11-28T21:55:44Z","2023-11-28T21:55:44Z","0.02","2023-Q4"
"2764","set csp origin in deploy script","rot13maxi","closed","true","other","2023-11-28T12:50:02Z","2023-11-29T23:57:28Z","2023-11-29T23:57:28Z","1.46","2023-Q4"
"2761","Destiny/add cache","destinymagicchen","closed","false","feat","2023-11-27T23:44:47Z","","2023-11-28T04:42:30Z","0.21","2023-Q4"
"2759","Allow sat inscribe and batch 1","raphjaph","closed","false","other","2023-11-27T20:10:30Z","","2023-11-27T20:10:49Z","0","2023-Q4"
"2755","Try using arrays for inscription ids in redb","casey","closed","false","other","2023-11-27T00:34:09Z","","2024-01-02T01:51:53Z","36.05","2023-Q4"
"2753","Hide all text","raphjaph","closed","true","other","2023-11-26T19:24:43Z","2023-11-27T21:59:37Z","2023-11-27T21:59:37Z","1.11","2023-Q4"
"2752","Add batch to preview command","raphjaph","closed","true","content","2023-11-26T18:56:50Z","2023-11-27T22:53:37Z","2023-11-27T22:53:37Z","1.16","2023-Q4"
"2749","Batch inscribe on same sat","raphjaph","closed","true","other","2023-11-25T16:37:04Z","2023-11-28T20:33:31Z","2023-11-28T20:33:31Z","3.16","2023-Q4"
"2748"," uncommon charm parity with other explorers","elocremarc","closed","false","other","2023-11-25T03:09:25Z","","2023-11-27T23:10:27Z","2.83","2023-Q4"
"2747","Use untyped table API to get table stats","casey","closed","true","api","2023-11-25T01:18:12Z","2024-01-16T20:29:37Z","2024-01-16T20:29:38Z","52.8","2023-Q4"
"2746","Release 0.12.0","raphjaph","closed","true","other","2023-11-24T23:09:31Z","2023-11-24T23:23:23Z","2023-11-24T23:23:23Z","0.01","2023-Q4"
"2745","Add stuttering curse","casey","closed","true","feat","2023-11-24T22:35:00Z","2023-11-28T19:20:38Z","2023-11-28T19:20:38Z","3.87","2023-Q4"
"2744","Hide JSON and .btc","raphjaph","closed","true","api","2023-11-24T21:30:04Z","2023-11-24T21:39:47Z","2023-11-24T21:39:47Z","0.01","2023-Q4"
"2743","Add child recursive endpoint docs","raphjaph","closed","true","api","2023-11-24T20:43:01Z","2023-11-24T20:55:42Z","2023-11-24T20:55:42Z","0.01","2023-Q4"
"2742","Ignore flaky test","casey","closed","true","test","2023-11-24T20:26:46Z","2023-11-24T20:37:22Z","2023-11-24T20:37:22Z","0.01","2023-Q4"
"2740","Update docs to include all fields, including content-encoding","raphjaph","closed","true","content","2023-11-24T16:31:48Z","2023-11-24T20:51:59Z","2023-11-24T20:51:59Z","0.18","2023-Q4"
"2735","Add docs and examples for sat recursive endpoint","raphjaph","closed","true","api","2023-11-23T20:31:17Z","2023-11-24T20:32:40Z","2023-11-24T20:32:40Z","1","2023-Q4"
"2734","Add docs for metadata recursive endpoint","raphjaph","closed","true","api","2023-11-23T19:35:56Z","2023-11-23T20:03:15Z","2023-11-23T20:03:15Z","0.02","2023-Q4"
"2732","Only accept sat number in recursive endpoint","raphjaph","closed","true","api","2023-11-23T15:49:02Z","2023-11-23T19:07:34Z","2023-11-23T19:07:34Z","0.14","2023-Q4"
"2731","Fix typo in docs/src/inscriptions/metadata.md","vuittont60","closed","true","fix","2023-11-23T09:25:01Z","2023-11-23T19:42:19Z","2023-11-23T19:42:19Z","0.43","2023-Q4"
"2728","Remove `RUNE` from <h1> on /rune","casey","closed","true","runes","2023-11-23T01:49:06Z","2023-11-23T21:18:06Z","2023-11-23T21:18:06Z","0.81","2023-Q4"
"2727","Release 0.12.0","casey","closed","false","other","2023-11-23T01:24:49Z","","2023-11-24T23:13:07Z","1.91","2023-Q4"
"2726","Add homebrew install instructions to readme","casey","closed","true","docs","2023-11-22T23:12:41Z","2023-11-23T00:45:13Z","2023-11-23T00:45:13Z","0.06","2023-Q4"
"2725","Add Debian packaging instructions","casey","closed","true","feat","2023-11-22T22:58:43Z","2023-11-22T23:03:48Z","2023-11-22T23:03:48Z","0","2023-Q4"
"2724","Fix coin selection.","gmart7t2","closed","true","fix","2023-11-22T22:30:33Z","2023-11-29T20:10:45Z","2023-11-29T20:10:45Z","6.9","2023-Q4"
"2722","Use icons in nav bar","casey","closed","true","other","2023-11-22T21:28:46Z","2023-11-22T22:18:14Z","2023-11-22T22:18:14Z","0.03","2023-Q4"
"2721","Miyu/fix tests","mi-yu","closed","false","fix","2023-11-22T21:03:43Z","","2023-11-22T21:03:46Z","0","2023-Q4"
"2720","feat: support BRC20 outside wallet sign","witter-s","closed","false","wallet","2023-11-22T07:11:03Z","","2023-11-22T07:11:38Z","0","2023-Q4"
"2717","Remove default for `ord index export --tsv`","casey","closed","true","indexer","2023-11-22T04:33:16Z","2023-11-22T18:45:54Z","2023-11-22T18:45:54Z","0.59","2023-Q4"
"2715","Refactor inscriptions paginations","raphjaph","closed","true","refactor","2023-11-22T01:33:19Z","2023-11-22T01:47:10Z","2023-11-22T01:47:10Z","0.01","2023-Q4"
"2714","Update redb to 1.4.0","casey","closed","true","other","2023-11-21T23:43:08Z","2023-11-22T01:17:12Z","2023-11-22T01:17:12Z","0.07","2023-Q4"
"2712","Use jemalloc as global allocator","casey","closed","false","other","2023-11-21T23:18:40Z","","2024-02-12T20:27:31Z","82.88","2023-Q4"
"2711","Display table info in info subcommand","casey","closed","true","cli","2023-11-21T23:08:36Z","2023-11-22T02:11:05Z","2023-11-22T02:11:05Z","0.13","2023-Q4"
"2709","Combine inscriptions_on_output functions","casey","closed","false","other","2023-11-21T20:30:35Z","","2023-11-21T22:20:47Z","0.08","2023-Q4"
"2708","add origin to CSP so Safari can do recursion","rot13maxi","closed","true","feat","2023-11-21T18:09:52Z","2023-11-22T18:31:38Z","2023-11-22T18:31:38Z","1.02","2023-Q4"
"2705","Move postage into batch file","raphjaph","closed","true","other","2023-11-20T20:05:38Z","2023-11-20T22:17:08Z","2023-11-20T22:17:09Z","0.09","2023-Q4"
"2703","Only try to create the database if it wasn't found","casey","closed","true","other","2023-11-19T23:32:28Z","2023-11-20T20:45:13Z","2023-11-20T20:45:13Z","0.88","2023-Q4"
"2701","Add destination field to batch","raphjaph","closed","true","feat","2023-11-19T22:12:54Z","2023-11-21T02:22:10Z","2023-11-21T02:22:10Z","1.17","2023-Q4"
"2697","Buy and Sell Inscriptions/Rare Sats","utxo-detective","closed","false","other","2023-11-19T17:03:28Z","","2025-01-13T09:23:51Z","420.68","2023-Q4"
"2696","Only load necessary language highlight module","casey","closed","true","other","2023-11-19T03:07:07Z","2023-11-19T23:20:30Z","2023-11-19T23:20:30Z","0.84","2023-Q4"
"2692","Font Inscription Preview","elocremarc","closed","true","content","2023-11-17T04:53:01Z","2023-11-19T16:59:04Z","2023-11-19T16:59:04Z","2.5","2023-Q4"
"2691","Add Dockerfile and docker-compose.yml","bensig","closed","false","feat","2023-11-17T01:10:10Z","","2023-11-30T22:14:32Z","13.88","2023-Q4"
"2687","Update schema version for charms","casey","closed","true","other","2023-11-16T21:21:34Z","2023-11-16T22:48:43Z","2023-11-16T22:48:43Z","0.06","2023-Q4"
"2686","Fix media table formatting","casey","closed","true","content","2023-11-16T20:48:28Z","2023-11-16T21:05:28Z","2023-11-16T21:05:28Z","0.01","2023-Q4"
"2685","Move rune tests above other tests","casey","closed","true","runes","2023-11-16T19:52:44Z","2023-11-16T20:01:52Z","2023-11-16T20:01:52Z","0.01","2023-Q4"
"2683","Init codespace","eagr","closed","false","other","2023-11-16T16:57:17Z","","2024-06-09T22:49:23Z","206.24","2023-Q4"
"2681","Add inscription charms","casey","closed","true","feat","2023-11-16T06:25:25Z","2023-11-16T18:53:44Z","2023-11-16T18:53:44Z","0.52","2023-Q4"
"2680","Add sat recursive endpoints with index and pagination","raphjaph","closed","true","indexer","2023-11-15T22:45:28Z","2023-11-23T02:07:09Z","2023-11-23T02:07:09Z","7.14","2023-Q4"
"2678","Don't color links in headers","casey","closed","true","other","2023-11-15T19:50:44Z","2023-11-15T20:21:00Z","2023-11-15T20:21:00Z","0.02","2023-Q4"
"2674","Don't display protocol inscriptions on homepage","casey","closed","true","other","2023-11-14T20:48:15Z","2023-11-15T19:43:12Z","2023-11-15T19:43:12Z","0.95","2023-Q4"
"2673","Add destination to batch","raphjaph","closed","false","feat","2023-11-14T18:28:37Z","","2023-11-19T22:12:06Z","5.16","2023-Q4"
"2671","Add media type binary","elocremarc","closed","true","content","2023-11-14T05:16:39Z","2023-11-16T23:11:14Z","2023-11-16T23:11:14Z","2.75","2023-Q4"
"2669","Clean up install.sh","eagr","closed","true","other","2023-11-14T01:23:14Z","2023-11-16T23:17:49Z","2023-11-16T23:17:49Z","2.91","2023-Q4"
"2667","Remove index_block_inscription_numbers helper function","casey","closed","true","other","2023-11-13T20:37:27Z","2023-11-13T21:18:21Z","2023-11-13T21:18:21Z","0.03","2023-Q4"
"2666","Fix lost sats bug","raphjaph","closed","true","fix","2023-11-13T20:23:27Z","2023-11-13T20:43:30Z","2023-11-13T20:43:30Z","0.01","2023-Q4"
"2664","Use sequence numbers as database keys","casey","closed","true","other","2023-11-13T04:54:01Z","2023-11-21T22:18:58Z","2023-11-21T22:18:58Z","8.73","2023-Q4"
"2657","Release 0.11.1","casey","closed","true","other","2023-11-10T05:48:55Z","2023-11-10T05:58:43Z","2023-11-10T05:58:43Z","0.01","2023-Q4"
"2656","The Jubilee: uncurse new inscriptions after jubilee height","casey","closed","true","other","2023-11-10T02:01:58Z","2023-11-30T02:17:38Z","2023-11-30T02:17:38Z","20.01","2023-Q4"
"2655","Codespace bootstrap","eagr","closed","false","other","2023-11-09T09:54:25Z","","2023-11-13T19:00:14Z","4.38","2023-Q4"
"2650","Use new RPC client in Reorg::get_block_with_retries","casey","closed","true","indexer","2023-11-09T01:15:58Z","2023-11-10T05:22:39Z","2023-11-10T05:22:39Z","1.17","2023-Q4"
"2649","Add *.redb to git ignore","casey","closed","true","feat","2023-11-09T00:29:24Z","2023-11-10T05:44:36Z","2023-11-10T05:44:36Z","1.22","2023-Q4"
"2648","Hindi Translation of Handbook V2","duttydeedz","closed","true","other","2023-11-08T23:14:38Z","2023-11-13T20:56:20Z","2023-11-13T20:56:20Z","4.9","2023-Q4"
"2647","Added hindi translation v2","duttydeedz","closed","false","other","2023-11-08T22:48:50Z","","2023-11-08T22:58:57Z","0.01","2023-Q4"
"2645","Simplify varint encoding","eagr","closed","true","other","2023-11-08T14:37:56Z","2023-11-09T00:32:25Z","2023-11-09T00:32:25Z","0.41","2023-Q4"
"2643","Release 0.11.0","raphjaph","closed","true","other","2023-11-08T05:42:37Z","2023-11-08T06:19:06Z","2023-11-08T06:19:06Z","0.03","2023-Q4"
"2640","Clarify sat hunting guide","raphjaph","closed","true","other","2023-11-08T00:28:46Z","2023-11-08T05:16:03Z","2023-11-08T05:16:03Z","0.2","2023-Q4"
"2637","Avoid caching error responses","lifofifoX","closed","true","other","2023-11-07T19:50:27Z","2023-11-07T21:44:28Z","2023-11-07T21:44:28Z","0.08","2023-Q4"
"2632","Allow passing satpoint when batch inscribing","lifofifoX","closed","false","other","2023-11-05T16:12:00Z","","2024-02-12T20:30:12Z","99.18","2023-Q4"
"2631","Make children link a little more visible","lifofifoX","closed","false","other","2023-11-05T05:56:11Z","","2023-11-07T21:51:25Z","2.66","2023-Q4"
"2630","Start working on creating and loading UTXO set dumps","casey","closed","false","wallet","2023-11-04T09:41:15Z","","2024-02-12T20:30:28Z","100.45","2023-Q4"
"2629","Add a link to Ordicord","lifofifoX","closed","true","feat","2023-11-03T02:34:42Z","2023-11-07T21:51:01Z","2023-11-07T21:51:01Z","4.8","2023-Q4"
"2628","Recursive endpoint for retrieving details about an inscription","lifofifoX","closed","true","api","2023-11-03T02:07:40Z","2024-02-21T03:43:15Z","2024-02-21T03:43:15Z","110.07","2023-Q4"
"2627","update docs to pass --file to `wallet inscribe`","rot13maxi","closed","true","wallet","2023-11-03T00:42:20Z","2023-11-07T21:56:15Z","2023-11-07T21:56:15Z","4.88","2023-Q4"
"2624","Fix statistics table and increment schema version","raphjaph","closed","true","fix","2023-11-02T17:53:03Z","2023-11-02T18:02:06Z","2023-11-02T18:02:06Z","0.01","2023-Q4"
"2621","fix broken links on README.md","yixinrock","closed","true","docs","2023-11-02T05:41:53Z","2023-11-02T17:38:38Z","2023-11-02T17:38:38Z","0.5","2023-Q4"
"2620","Remove extra blank line in CI workflow","casey","closed","true","other","2023-11-01T20:52:23Z","2023-11-02T18:08:51Z","2023-11-02T18:08:52Z","0.89","2023-Q4"
"2618","have ord respect locked coins","rot13maxi","closed","true","other","2023-11-01T14:37:54Z","2023-11-08T05:33:51Z","2023-11-08T05:33:51Z","6.62","2023-Q4"
"2617","Paginate children inscriptions","lifofifoX","closed","true","other","2023-10-31T16:20:27Z","2023-11-02T22:48:15Z","2023-11-02T22:48:15Z","2.27","2023-Q4"
"2614","P2P indexing","raphjaph","closed","false","other","2023-10-30T23:48:50Z","","2024-01-02T01:51:16Z","63.09","2023-Q4"
"2612","Fix docs rendering","casey","closed","true","fix","2023-10-30T19:31:30Z","2023-10-30T19:39:32Z","2023-10-30T19:39:32Z","0.01","2023-Q4"
"2608","Speed up indexing of re-inscriptions","SmarakNayak","closed","true","other","2023-10-29T06:12:47Z","2023-10-30T20:54:45Z","2023-10-30T20:54:45Z","1.61","2023-Q4"
"2605","Update README.md and zh.po","DrJingLee","closed","true","docs","2023-10-28T07:21:17Z","2023-10-30T18:42:22Z","2023-10-30T18:42:22Z","2.47","2023-Q4"
"2604","Add metadata recursive endpoint","rot13maxi","closed","true","api","2023-10-27T19:29:33Z","2023-11-01T20:51:21Z","2023-11-01T20:51:21Z","5.06","2023-Q4"
"2601","Update docs with new position of --enable-json-api","elocremarc","closed","true","api","2023-10-27T01:15:02Z","2023-10-30T18:51:38Z","2023-10-30T18:51:38Z","3.73","2023-Q4"
"2599","Move  to server options","raphjaph","closed","true","api","2023-10-26T22:54:02Z","2023-10-26T23:04:47Z","2023-10-26T23:04:47Z","0.01","2023-Q4"
"2592","Add decode just recipe","casey","closed","true","feat","2023-10-26T01:31:03Z","2023-10-26T17:46:27Z","2023-10-26T17:46:27Z","0.68","2023-Q4"
"2589","Features/brotlimagick","staccDOTsol","closed","false","other","2023-10-25T21:22:55Z","","2023-11-16T20:31:14Z","21.96","2023-Q4"
"2588","Rune balance and issuance CLI","utxo-detective","closed","false","wallet","2023-10-25T20:04:46Z","","2023-11-29T22:18:39Z","35.09","2023-Q4"
"2584","Update redb recovery detection to use public API","cberner","closed","true","api","2023-10-25T03:33:18Z","2023-11-22T07:20:45Z","2023-11-22T07:20:45Z","28.16","2023-Q4"
"2581","Requre --batch or --file for `ord wallet inscribe`","casey","closed","true","wallet","2023-10-24T22:03:05Z","2023-10-25T07:01:17Z","2023-10-25T07:01:17Z","0.37","2023-Q4"
"2580","Make server_runs_with_rpc_user_and_pass_as_env_vars test less flaky","casey","closed","true","test","2023-10-24T19:10:15Z","2023-10-25T05:38:09Z","2023-10-25T05:38:09Z","0.44","2023-Q4"
"2577","Add teleburning section to handbook","casey","closed","true","feat","2023-10-24T04:55:53Z","2023-10-24T05:22:38Z","2023-10-24T05:22:38Z","0.02","2023-Q4"
"2576","Add publish-and-tag-crate recipe","casey","closed","true","feat","2023-10-24T04:05:51Z","2023-10-24T05:38:43Z","2023-10-24T05:38:43Z","0.06","2023-Q4"
"2575","Release 0.10.0","casey","closed","true","other","2023-10-24T03:48:15Z","2023-10-24T03:58:57Z","2023-10-24T03:58:57Z","0.01","2023-Q4"
"2572","Portuguese translation","namcios","closed","true","other","2023-10-22T23:04:27Z","2023-10-26T18:03:56Z","2023-10-26T18:03:56Z","3.79","2023-Q4"
"2571","add link to ord package manager in `testing.md`","elocremarc","closed","false","feat","2023-10-22T04:18:52Z","","2024-02-12T20:33:24Z","113.68","2023-Q4"
"2570","Guilt by association","casey","closed","false","other","2023-10-21T02:59:30Z","","2023-10-23T02:48:41Z","1.99","2023-Q4"
"2563","Respect locked utxos","dannydeezy","closed","false","other","2023-10-19T20:23:22Z","","2023-11-08T05:17:02Z","19.37","2023-Q4"
"2561","Implement /collections Page","veryordinally","closed","true","feat","2023-10-19T01:20:31Z","2023-11-18T20:07:51Z","2023-11-18T20:07:51Z","30.78","2023-Q4"
"2560","Korean translation of ordinal theory handbook","Neofishtwo","closed","true","other","2023-10-18T00:47:13Z","2023-10-20T14:02:30Z","2023-10-20T14:02:30Z","2.55","2023-Q4"
"2557","Add rune numbers","casey","closed","true","runes","2023-10-17T18:50:57Z","2023-10-24T17:52:30Z","2023-10-24T17:52:30Z","6.96","2023-Q4"
"2556","Add Default implementation for RuneEntry","casey","closed","false","feat","2023-10-17T18:37:00Z","","2023-10-17T18:37:16Z","0","2023-Q4"
"2555","dependency purification","boppleton","closed","false","other","2023-10-17T17:20:17Z","","2023-10-17T20:29:27Z","0.13","2023-Q4"
"2553","Ignore non push opcodes when parsing runestones","casey","closed","true","other","2023-10-17T04:32:23Z","2023-10-24T18:01:39Z","2023-10-24T18:01:39Z","7.56","2023-Q4"
"2552","Refactor rune assertions","casey","closed","false","runes","2023-10-17T02:54:52Z","","2023-10-26T21:34:38Z","9.78","2023-Q4"
"2550","Miyu/fix crash","mi-yu","closed","false","fix","2023-10-16T19:44:53Z","","2023-10-16T19:45:00Z","0","2023-Q4"
"2549","Add command to list runes","casey","closed","false","runes","2023-10-16T09:05:34Z","","2023-12-14T02:20:48Z","58.72","2023-Q4"
"2548","Implement open etchings","casey","closed","true","feat","2023-10-16T07:08:18Z","2023-10-30T18:58:47Z","2023-10-30T18:58:47Z","14.49","2023-Q4"
"2547","Encode runestone using tags","casey","closed","true","runes","2023-10-16T03:55:10Z","2023-10-17T20:03:29Z","2023-10-17T20:03:29Z","1.67","2023-Q4"
"2546","Improve minimum at height","casey","closed","true","other","2023-10-15T23:54:23Z","2023-10-24T19:05:27Z","2023-10-24T19:05:27Z","8.8","2023-Q4"
"2544","Add etch command","casey","closed","true","cli","2023-10-15T07:32:46Z","2023-11-29T22:15:56Z","2023-11-29T22:15:56Z","45.61","2023-Q4"
"2543","Always create rune, even if none were allocated","casey","closed","true","runes","2023-10-14T23:37:22Z","2023-10-15T21:17:43Z","2023-10-15T21:17:43Z","0.9","2023-Q4"
"2542","Display inscription on /rune page","casey","closed","true","runes","2023-10-14T23:23:42Z","2023-10-24T18:49:52Z","2023-10-24T18:49:52Z","9.81","2023-Q4"
"2541","Refactor index checks","casey","closed","true","indexer","2023-10-14T22:28:14Z","2023-10-17T20:21:44Z","2023-10-17T20:21:44Z","2.91","2023-Q4"
"2540","Remove paranthetical annotations","casey","closed","true","other","2023-10-14T21:05:12Z","2023-10-17T20:37:11Z","2023-10-17T20:37:11Z","2.98","2023-Q4"
"2538","add python media type","elocremarc","closed","true","content","2023-10-14T11:56:27Z","2023-10-26T00:45:06Z","2023-10-26T00:45:06Z","11.53","2023-Q4"
"2537","Create single-directory release archives","casey","closed","true","other","2023-10-14T02:58:17Z","2023-10-24T03:47:00Z","2023-10-24T03:47:00Z","10.03","2023-Q4"
"2536","Revert 'Fixes release tarbomb (#2473)'","casey","closed","true","fix","2023-10-14T02:43:29Z","2023-10-14T02:48:28Z","2023-10-14T02:48:28Z","0","2023-Q4"
"2533","Add pointer spec to docs","raphjaph","closed","true","docs","2023-10-13T16:07:32Z","2023-10-13T16:13:15Z","2023-10-13T16:13:15Z","0","2023-Q4"
"2532","Delta encode edict ids","casey","closed","true","runes","2023-10-13T08:56:41Z","2023-10-15T20:41:26Z","2023-10-15T20:41:26Z","2.49","2023-Q4"
"2531","Allocating zero amount means allocate all remaining","casey","closed","true","other","2023-10-13T08:41:24Z","2023-10-15T21:25:31Z","2023-10-15T21:25:31Z","2.53","2023-Q4"
"2530","Implement splits","casey","closed","true","feat","2023-10-13T08:11:01Z","2023-10-17T22:04:48Z","2023-10-17T22:04:48Z","4.58","2023-Q4"
"2529","Add runestone size test","casey","closed","true","runes","2023-10-13T06:52:45Z","2023-10-15T20:22:05Z","2023-10-15T20:22:05Z","2.56","2023-Q4"
"2528","Add more info to /rune page","casey","closed","true","runes","2023-10-12T23:14:26Z","2023-10-26T17:39:13Z","2023-10-26T17:39:13Z","13.77","2023-Q4"
"2527","Show rune balances on /output page","casey","closed","true","runes","2023-10-12T21:45:01Z","2023-10-15T21:08:03Z","2023-10-15T21:08:03Z","2.97","2023-Q4"
"2526","Add rune fuzz targets","casey","closed","true","runes","2023-10-12T20:24:26Z","2023-10-17T21:02:46Z","2023-10-17T21:02:46Z","5.03","2023-Q4"
"2523","Make inscriptions with pointer cursed","raphjaph","closed","true","other","2023-10-11T22:10:01Z","2023-10-12T13:23:02Z","2023-10-12T13:23:02Z","0.63","2023-Q4"
"2522","Allow searching for runes","casey","closed","true","runes","2023-10-11T20:35:16Z","2023-10-17T20:29:32Z","2023-10-17T20:29:32Z","6","2023-Q4"
"2521","Zz/add timeout","nothing0012","closed","false","feat","2023-10-11T18:36:11Z","","2023-10-11T18:36:26Z","0","2023-Q4"
"2520","Respect locked utxos","dannydeezy","closed","false","other","2023-10-11T15:22:56Z","","2023-10-19T20:22:07Z","8.21","2023-Q4"
"2519","Allow fixed length encoding for parent id in child inscription","veryordinally","closed","true","other","2023-10-11T09:36:32Z","2023-10-12T13:16:17Z","2023-10-12T13:16:18Z","1.15","2023-Q4"
"2517","Metadata Filipino Translation","jcatama","closed","true","other","2023-10-11T03:21:17Z","2023-10-13T21:03:00Z","2023-10-13T21:03:00Z","2.74","2023-Q4"
"2515","Refactor inscribe code","raphjaph","closed","true","refactor","2023-10-10T18:34:40Z","2023-10-10T20:56:30Z","2023-10-10T20:56:30Z","0.1","2023-Q4"
"2512","Show origin and inscription on /rune page","casey","closed","true","runes","2023-10-10T05:57:56Z","2023-10-10T19:52:14Z","2023-10-10T19:52:14Z","0.58","2023-Q4"
"2511","Track burned runes","casey","closed","true","runes","2023-10-10T04:35:48Z","2023-10-10T19:13:29Z","2023-10-10T19:13:29Z","0.61","2023-Q4"
"2510","Don't encode divisibility if zero","casey","closed","true","other","2023-10-10T04:03:06Z","2023-10-10T18:38:22Z","2023-10-10T18:38:22Z","0.61","2023-Q4"
"2509","Format rune supply using divisibility","casey","closed","true","runes","2023-10-10T03:04:49Z","2023-10-10T18:31:05Z","2023-10-10T18:31:05Z","0.64","2023-Q4"
"2508","Add French version of handbook","rupturenft","closed","true","feat","2023-10-09T22:29:12Z","2023-10-10T18:53:07Z","2023-10-10T18:53:07Z","0.85","2023-Q4"
"2506","added hindi translation of ordinals handbook","duttydeedz","closed","false","other","2023-10-09T17:55:05Z","","2023-11-08T22:49:26Z","30.2","2023-Q4"
"2504","Batch inscriptions","raphjaph","closed","true","other","2023-10-08T17:00:34Z","2023-10-24T03:22:43Z","2023-10-24T03:22:43Z","15.43","2023-Q4"
"2500","Fix overflow in Sat::from_name","casey","closed","true","fix","2023-10-06T04:58:43Z","2023-10-09T21:22:15Z","2023-10-09T21:22:16Z","3.68","2023-Q4"
"2499","Implement pointer spec","raphjaph","closed","true","docs","2023-10-05T10:26:29Z","2023-10-09T18:50:29Z","2023-10-09T18:50:29Z","4.35","2023-Q4"
"2497","Recognize inscriptions that use pushnum opcodes","casey","closed","true","other","2023-10-05T05:52:29Z","2023-10-05T19:01:52Z","2023-10-05T19:01:52Z","0.55","2023-Q4"
"2493","Add recursive directory and make all endpoints JSON","raphjaph","closed","true","api","2023-10-02T20:36:55Z","2023-10-30T20:39:44Z","2023-10-30T20:39:44Z","28","2023-Q4"
"2491","Add rune index","casey","closed","true","indexer","2023-10-02T18:56:54Z","2023-10-09T21:16:12Z","2023-10-09T21:16:12Z","7.1","2023-Q4"
"2488","Testing.md add regtest flag to bitcoin-cli mine","elocremarc","closed","true","cli","2023-10-01T10:03:34Z","2023-10-02T19:31:15Z","2023-10-02T19:31:15Z","1.39","2023-Q4"
"2487","Update parent-child guide","raphjaph","closed","true","other","2023-09-30T21:49:18Z","2023-10-02T19:41:07Z","2023-10-02T19:41:07Z","1.91","2023-Q3"
"2485","Add inscription number endpoint","raphjaph","closed","true","api","2023-09-30T19:36:48Z","2023-10-03T20:40:14Z","2023-10-03T20:40:14Z","3.04","2023-Q3"
"2484","Document JSON-API","raphjaph","closed","true","api","2023-09-30T17:25:06Z","2023-10-02T19:46:32Z","2023-10-02T19:46:32Z","2.1","2023-Q3"
"2483","Filipino Version of the Handbook","jcatama","closed","true","other","2023-09-30T17:05:22Z","2023-10-03T17:59:55Z","2023-10-03T17:59:55Z","3.04","2023-Q3"
"2479","Fix unbound outpoint server error","raphjaph","closed","true","api","2023-09-27T18:03:30Z","2023-11-16T23:02:21Z","2023-11-16T23:02:22Z","50.21","2023-Q3"
"2478","Same input envelopes become reinscriptions","raphjaph","closed","true","other","2023-09-26T18:30:17Z","2023-10-02T21:48:16Z","2023-10-02T21:48:16Z","6.14","2023-Q3"
"2477","Inscribe directly to an Opendime","raphjaph","closed","false","other","2023-09-26T14:04:46Z","","2024-03-11T19:51:41Z","167.24","2023-Q3"
"2475","Correct donation address","raphjaph","closed","true","fix","2023-09-25T21:20:27Z","2023-09-25T22:54:16Z","2023-09-25T22:54:16Z","0.07","2023-Q3"
"2473","Fixes release tarbomb","uzyn","closed","true","other","2023-09-25T15:27:32Z","2023-09-25T20:06:23Z","2023-09-25T20:06:24Z","0.19","2023-Q3"
"2471","Preview Code Syntax Highlighting","elocremarc","closed","true","content","2023-09-25T01:07:13Z","2023-09-30T20:49:30Z","2023-09-30T20:49:30Z","5.82","2023-Q3"
"2470","Update dependencies","casey","closed","true","other","2023-09-24T18:15:01Z","2023-09-25T19:25:26Z","2023-09-25T19:25:26Z","1.05","2023-Q3"
"2468","Russian Version of Handbook","DrJingLee","closed","true","other","2023-09-23T10:53:48Z","2023-10-04T10:09:13Z","2023-10-04T10:09:13Z","10.97","2023-Q3"
"2466","fix  issue with `--satpoint` when offset > 0. (Fix #2465)","felipelincoln","closed","true","fix","2023-09-22T02:57:50Z","2023-09-25T21:20:19Z","2023-09-25T21:20:19Z","3.77","2023-Q3"
"2464","Add font/woff2 media type with extension .woff2","lifofifoX","closed","true","content","2023-09-21T21:36:38Z","2023-09-25T22:39:40Z","2023-09-25T22:39:40Z","4.04","2023-Q3"
"2462","Rename `index run` -> `index update`","casey","closed","true","indexer","2023-09-20T21:41:42Z","2023-09-25T22:11:37Z","2023-09-25T22:11:37Z","5.02","2023-Q3"
"2461","Refactor inscription parsing","casey","closed","true","refactor","2023-09-20T20:09:24Z","2023-09-25T19:11:10Z","2023-09-25T19:11:10Z","4.96","2023-Q3"
"2460","Add sequence number","raphjaph","closed","true","feat","2023-09-20T19:46:18Z","2023-09-25T18:38:26Z","2023-09-25T18:38:26Z","4.95","2023-Q3"
"2456","Update overview.md","ordinaHO","closed","true","other","2023-09-18T07:33:50Z","2023-09-27T18:57:23Z","2023-09-27T18:57:23Z","9.47","2023-Q3"
"2452","sat recursive endpoint","elocremarc","closed","false","api","2023-09-15T08:36:38Z","","2023-11-23T00:23:47Z","68.66","2023-Q3"
"2450","update ja.po with provenance section","DrJingLee","closed","true","other","2023-09-14T12:56:40Z","2023-09-19T11:02:40Z","2023-09-19T11:02:40Z","4.92","2023-Q3"
"2449","Add metaprotocol field","casey","closed","true","recursive","2023-09-13T09:03:30Z","2023-09-19T17:46:44Z","2023-09-19T17:46:44Z","6.36","2023-Q3"
"2448","Add Spanish Translation","Psifour","closed","true","feat","2023-09-13T06:44:30Z","2023-09-19T10:25:46Z","2023-09-19T10:25:46Z","6.15","2023-Q3"
"2446","Add `application/cbor` media type with extension `.cbor`","casey","closed","true","content","2023-09-13T03:38:07Z","2023-09-13T03:45:27Z","2023-09-13T03:45:27Z","0.01","2023-Q3"
"2445","Release 0.9.0","raphjaph","closed","true","other","2023-09-11T10:28:16Z","2023-09-11T10:33:37Z","2023-09-11T10:33:37Z","0","2023-Q3"
"2444","fix typo","DrJingLee","closed","true","fix","2023-09-11T08:26:13Z","2023-09-11T09:27:33Z","2023-09-11T09:27:33Z","0.04","2023-Q3"
"2443","Update README.md","DrJingLee","closed","true","docs","2023-09-10T02:11:30Z","2023-09-10T15:10:39Z","2023-09-10T15:10:40Z","0.54","2023-Q3"
"2442","arabic language for ordinal handbook","ordinaHO","closed","true","other","2023-09-09T21:04:58Z","2023-10-13T14:30:29Z","2023-10-13T14:30:29Z","33.73","2023-Q3"
"2441","German language for ordinal handbook","ordinaHO","closed","true","other","2023-09-09T20:43:06Z","2023-10-13T15:39:27Z","2023-10-13T15:39:27Z","33.79","2023-Q3"
"2436","Fold BlockIndex into database","raphjaph","closed","true","other","2023-09-07T23:37:03Z","2023-09-11T07:48:21Z","2023-09-11T07:48:21Z","3.34","2023-Q3"
"2435","handbook arabic/العربية and german/deutsch version ","ordinaHO","closed","false","other","2023-09-07T21:06:25Z","","2023-09-14T14:25:03Z","6.72","2023-Q3"
"2432","Allow reinscribing with wallet","raphjaph","closed","true","wallet","2023-09-07T19:48:18Z","2023-09-11T10:14:55Z","2023-09-11T10:14:55Z","3.6","2023-Q3"
"2431","Add children recursive endpoint","elocremarc","closed","true","api","2023-09-07T10:39:51Z","2023-11-24T20:28:14Z","2023-11-24T20:28:14Z","78.41","2023-Q3"
"2429","Parent Child How To - update inscriptions.md with parent child commands","elocremarc","closed","true","other","2023-09-06T22:35:01Z","2023-09-19T17:57:22Z","2023-09-19T17:57:22Z","12.81","2023-Q3"
"2428","handbook-spanish-translation","2168-btc","closed","false","other","2023-09-06T02:50:08Z","","2023-09-19T10:53:45Z","13.34","2023-Q3"
"2427","Add link to provenance in docs","casey","closed","true","feat","2023-09-05T18:27:33Z","2023-09-06T21:07:46Z","2023-09-06T21:07:46Z","1.11","2023-Q3"
"2426","Handbook Japanese and update ZH with Provenance section","DrJingLee","closed","true","other","2023-09-05T08:44:22Z","2023-09-09T17:02:07Z","2023-09-09T17:02:07Z","4.35","2023-Q3"
"2425","Bugfix prevent default search","elocremarc","closed","true","other","2023-09-05T06:24:28Z","2023-09-06T18:58:16Z","2023-09-06T18:58:17Z","1.52","2023-Q3"
"2424","update SUMMARY.md with new provence.md","elocremarc","closed","false","other","2023-09-05T05:23:19Z","","2023-09-05T21:07:37Z","0.66","2023-Q3"
"2423","Implement `/block/:query` JSON endpoint","terror","closed","true","indexer","2023-09-04T21:45:22Z","2023-10-26T01:29:04Z","2023-10-26T01:29:04Z","51.16","2023-Q3"
"2422","Add ar version of the handbook","ordinaHO","closed","false","feat","2023-09-04T21:25:35Z","","2023-09-07T20:44:48Z","2.97","2023-Q3"
"2421","Inscription metadata","casey","closed","true","other","2023-09-04T18:36:42Z","2023-10-03T19:57:16Z","2023-10-03T19:57:16Z","29.06","2023-Q3"
"2419","update zh.po with typo and format error","DrJingLee","closed","true","other","2023-09-02T01:10:43Z","2023-09-04T18:40:48Z","2023-09-04T18:40:48Z","2.73","2023-Q3"
"2417","Fix UTXO selection in mock Bitcoin Core instance","raphjaph","closed","true","wallet","2023-08-31T22:12:15Z","2023-08-31T22:27:12Z","2023-08-31T22:27:12Z","0.01","2023-Q3"
"2416","Remove unused itertools dependency","casey","closed","true","other","2023-08-31T21:54:04Z","2023-08-31T22:16:28Z","2023-08-31T22:16:28Z","0.02","2023-Q3"
"2415","Update clap","casey","closed","true","other","2023-08-31T21:23:24Z","2023-08-31T21:28:58Z","2023-08-31T21:28:58Z","0","2023-Q3"
"2414","Update dependencies","casey","closed","true","other","2023-08-31T21:08:28Z","2023-08-31T21:42:52Z","2023-08-31T21:42:52Z","0.02","2023-Q3"
"2413","Tweak translations intructions","raphjaph","closed","true","other","2023-08-31T21:02:10Z","2023-08-31T22:33:41Z","2023-08-31T22:33:41Z","0.06","2023-Q3"
"2409","Allocate blocks vector ahead of time","casey","closed","true","other","2023-08-31T19:12:31Z","2023-08-31T19:34:23Z","2023-08-31T19:34:23Z","0.02","2023-Q3"
"2408","Install mdbook-i18n-helpers in Github Workflows","raphjaph","closed","true","other","2023-08-31T18:57:30Z","2023-08-31T20:04:47Z","2023-08-31T20:04:47Z","0.05","2023-Q3"
"2406","Handbook Chinese using mdbook-i18n-helpers","DrJingLee","closed","true","other","2023-08-31T01:37:11Z","2023-08-31T18:39:49Z","2023-08-31T18:39:49Z","0.71","2023-Q3"
"2404","Use tapscript extraction from rust-bitcoin","casey","closed","true","other","2023-08-30T20:39:49Z","2023-08-31T19:42:29Z","2023-08-31T19:42:29Z","0.96","2023-Q3"
"2403","Add language picker for docs","raphjaph","closed","true","feat","2023-08-30T19:46:58Z","2023-08-30T20:56:29Z","2023-08-30T20:56:29Z","0.05","2023-Q3"
"2402","Deduplicate calculate_sat logic","casey","closed","true","other","2023-08-30T19:38:48Z","2023-08-31T19:27:54Z","2023-08-31T19:27:54Z","0.99","2023-Q3"
"2401","Add `ord decode` command","casey","closed","true","cli","2023-08-30T19:15:11Z","2023-08-31T19:58:04Z","2023-08-31T19:58:04Z","1.03","2023-Q3"
"2398","Allow pointer lock in inscription iframes","casey","closed","false","other","2023-08-30T18:12:02Z","","2023-08-31T19:56:40Z","1.07","2023-Q3"
"2397","Make any zero-valued input inscription unbound","raphjaph","closed","true","other","2023-08-30T17:52:55Z","2023-08-31T22:42:13Z","2023-08-31T22:42:13Z","1.2","2023-Q3"
"2394","zh.po documents by the mdbook-i18n-helpers","DrJingLee","closed","false","other","2023-08-30T04:57:28Z","","2023-08-31T00:56:26Z","0.83","2023-Q3"
"2393","Add reindexing doc","raphjaph","closed","true","docs","2023-08-29T22:22:00Z","2023-08-29T23:02:42Z","2023-08-29T23:02:42Z","0.03","2023-Q3"
"2390","Vaccuum log with every new deploy","raphjaph","closed","true","other","2023-08-29T21:52:50Z","2023-08-29T22:27:07Z","2023-08-29T22:27:07Z","0.02","2023-Q3"
"2389","Add application/protobuf media type","casey","closed","true","content","2023-08-29T21:46:28Z","2023-08-31T20:11:26Z","2023-08-31T20:11:26Z","1.93","2023-Q3"
"2388","Create parent-child inscriptions with `ord wallet`","raphjaph","closed","true","wallet","2023-08-29T21:24:23Z","2023-09-06T20:49:39Z","2023-09-06T20:49:39Z","7.98","2023-Q3"
"2384","Remove unused content_response match statement","casey","closed","true","other","2023-08-28T23:09:42Z","2023-08-29T18:24:03Z","2023-08-29T18:24:03Z","0.8","2023-Q3"
"2383","Add pointer spec","casey","closed","true","docs","2023-08-28T20:33:32Z","2023-10-09T18:43:04Z","2023-10-09T18:43:04Z","41.92","2023-Q3"
"2382","Release 0.8.3","raphjaph","closed","true","other","2023-08-28T20:20:31Z","2023-08-28T20:30:33Z","2023-08-28T20:30:33Z","0.01","2023-Q3"
"2381","Tweaks to front-end","raphjaph","closed","true","other","2023-08-28T19:07:12Z","2023-08-28T20:14:27Z","2023-08-28T20:14:27Z","0.05","2023-Q3"
"2378","Slice error for blocks view","veryordinally","closed","true","other","2023-08-27T17:08:46Z","2023-08-27T17:45:40Z","2023-08-27T17:45:40Z","0.03","2023-Q3"
"2374","Make homepage more interesting","raphjaph","closed","true","other","2023-08-27T09:37:06Z","2023-08-27T17:20:34Z","2023-08-27T17:20:34Z","0.32","2023-Q3"
"2370","Remove from txid for inscription","casey","closed","true","other","2023-08-25T18:55:31Z","2023-08-25T21:06:33Z","2023-08-25T21:06:33Z","0.09","2023-Q3"
"2369","Render GLB/GLTF models in preview","raphjaph","closed","true","content","2023-08-25T18:05:57Z","2023-08-25T19:21:00Z","2023-08-25T19:21:00Z","0.05","2023-Q3"
"2368","Fix `wallet inscriptions` so it can list multiple inscriptions on the…","gmart7t2","closed","false","wallet","2023-08-25T16:47:59Z","","2024-02-12T05:48:54Z","170.54","2023-Q3"
"2365","Create savepoint if it has been `SAVEPOINT_INTERVAL` blocks since the…","gmart7t2","closed","true","other","2023-08-24T21:00:26Z","2024-12-20T00:33:11Z","2024-12-20T00:33:11Z","483.15","2023-Q3"
"2364","add new links  to introduction ","ordinaHO","closed","true","feat","2023-08-24T20:12:22Z","2023-08-27T17:52:30Z","2023-08-27T17:52:30Z","2.9","2023-Q3"
"2362","add ordinal handbook arabic version","ordinaHO","closed","false","feat","2023-08-24T15:19:17Z","","2023-08-31T11:30:22Z","6.84","2023-Q3"
"2361","Update introduction.md new links","ordinaHO","closed","false","other","2023-08-24T14:56:53Z","","2023-08-24T15:12:42Z","0.01","2023-Q3"
"2360","update introduction - add new links","ordinaHO","closed","false","feat","2023-08-24T14:32:21Z","","2023-08-24T14:50:06Z","0.01","2023-Q3"
"2359","Unrecognized even tag unbound and negative","raphjaph","closed","true","other","2023-08-23T20:56:30Z","2023-08-29T19:43:41Z","2023-08-29T19:43:41Z","5.95","2023-Q3"
"2357","Testing guide","elocremarc","closed","true","other","2023-08-23T09:08:11Z","2023-08-27T17:35:59Z","2023-08-27T17:35:59Z","4.35","2023-Q3"
"2355","Use JSON for all command output","casey","closed","true","api","2023-08-22T22:26:04Z","2023-08-23T19:45:00Z","2023-08-23T19:45:00Z","0.89","2023-Q3"
"2353","Implement provenance in the index","casey","closed","true","indexer","2023-08-22T21:44:32Z","2023-09-04T18:23:10Z","2023-09-04T18:23:10Z","12.86","2023-Q3"
"2352","Fix reorg typo","gmart7t2","closed","true","indexer","2023-08-22T21:25:46Z","2023-08-22T22:34:05Z","2023-08-22T22:34:06Z","0.05","2023-Q3"
"2351","Add tags and inscription id documentation","raphjaph","closed","true","feat","2023-08-22T15:12:30Z","2023-08-22T22:02:36Z","2023-08-22T22:02:36Z","0.28","2023-Q3"
"2350","Handbook Chinese","DrJingLee","closed","false","other","2023-08-22T01:52:36Z","","2023-08-30T04:51:24Z","8.12","2023-Q3"
"2349","Recognize media types without charset","casey","closed","true","content","2023-08-21T21:15:21Z","2023-08-21T21:21:45Z","2023-08-21T21:21:45Z","0","2023-Q3"
"2348","Mention increasing maximum number of open files","casey","closed","true","other","2023-08-21T21:06:57Z","2023-08-21T21:13:46Z","2023-08-21T21:13:46Z","0","2023-Q3"
"2347","Reduce durability to speed up tests","casey","closed","true","other","2023-08-21T20:43:43Z","2023-08-21T21:01:12Z","2023-08-21T21:01:12Z","0.01","2023-Q3"
"2346","Homogenize design","casey","closed","true","other","2023-08-21T19:48:54Z","2023-08-21T19:57:57Z","2023-08-21T19:57:57Z","0.01","2023-Q3"
"2344","Content Hashes","veryordinally","closed","false","content","2023-08-21T10:19:31Z","","2024-02-12T20:36:31Z","175.43","2023-Q3"
"2341","Add Spanish Translation of Handbook","2168-btc","closed","false","feat","2023-08-19T19:10:38Z","","2023-09-06T13:37:52Z","17.77","2023-Q3"
"2340","add-spanish-handbook-translation","2168-btc","closed","false","feat","2023-08-19T18:31:51Z","","2023-08-19T19:04:48Z","0.02","2023-Q3"
"2338","Documentation Spanish(ES)","NNull13","closed","false","other","2023-08-19T17:04:13Z","","2023-09-19T10:54:07Z","30.74","2023-Q3"
"2337","Proper Block Inscriptions HTML","veryordinally","closed","true","indexer","2023-08-18T15:53:56Z","2023-08-27T13:12:50Z","2023-08-27T13:12:50Z","8.89","2023-Q3"
"2335","handbook chn","DrJingLee","closed","false","other","2023-08-18T06:22:03Z","","2023-08-22T01:40:55Z","3.8","2023-Q3"
"2334","Release 0.8.2","raphjaph","closed","true","other","2023-08-17T15:16:04Z","2023-08-17T15:30:08Z","2023-08-17T15:30:08Z","0.01","2023-Q3"
"2333","Make retrieving inscriptions in block fast","veryordinally","closed","true","indexer","2023-08-16T21:25:55Z","2023-08-17T12:54:44Z","2023-08-17T12:54:44Z","0.65","2023-Q3"
"2331","Set postage","raphjaph","closed","true","other","2023-08-16T17:27:47Z","2023-08-17T13:17:49Z","2023-08-17T13:17:49Z","0.83","2023-Q3"
"2328","Fix typos","omahs","closed","true","fix","2023-08-13T10:09:24Z","2023-08-13T12:33:24Z","2023-08-13T12:33:24Z","0.1","2023-Q3"
"2326","Ignore invalid content type header values","casey","closed","true","content","2023-08-13T02:00:14Z","2023-08-13T13:03:06Z","2023-08-13T13:03:06Z","0.46","2023-Q3"
"2325","preview-markdown","elocremarc","closed","true","content","2023-08-12T21:33:44Z","2023-09-19T18:33:29Z","2023-09-19T18:33:29Z","37.87","2023-Q3"
"2323","Implement additional JSON endpoints (/inscription, /inscriptions) and bugfixes on /sat","veryordinally","closed","true","api","2023-08-11T17:42:36Z","2023-08-14T12:52:11Z","2023-08-14T12:52:11Z","2.8","2023-Q3"
"2320","Reorg resistance ","raphjaph","closed","true","indexer","2023-08-07T15:55:30Z","2023-08-10T10:49:52Z","2023-08-10T10:49:52Z","2.79","2023-Q3"
"2317","Reorg resistance","raphjaph","closed","false","indexer","2023-08-07T08:35:14Z","","2023-08-07T15:53:17Z","0.3","2023-Q3"
"2310","Only fetch inscriptions that are owned by the ord wallet","gmart7t2","closed","true","wallet","2023-07-31T13:08:27Z","2023-08-10T09:50:26Z","2023-08-10T09:50:26Z","9.86","2023-Q3"
"2304","Check for and report db corruption before attempting repair","gmart7t2","closed","true","other","2023-07-25T22:01:42Z","2023-07-27T15:10:28Z","2023-07-27T15:10:28Z","1.71","2023-Q3"
"2303","Select multiple utxos","raphjaph","closed","true","other","2023-07-24T20:14:19Z","2023-07-30T15:30:53Z","2023-07-30T15:30:53Z","5.8","2023-Q3"
"2300","Release 0.8.1","raphjaph","closed","true","other","2023-07-23T15:38:18Z","2023-07-23T15:45:09Z","2023-07-23T15:45:09Z","0","2023-Q3"
"2299","Fix justfile recipe","raphjaph","closed","true","fix","2023-07-23T15:23:53Z","2023-07-23T15:28:18Z","2023-07-23T15:28:18Z","0","2023-Q3"
"2298","Clean up deploy scripts","raphjaph","closed","true","other","2023-07-22T20:09:45Z","2023-07-23T12:34:01Z","2023-07-23T12:34:01Z","0.68","2023-Q3"
"2297","fix: add retry to fetcher","victorkirov","closed","true","fix","2023-07-22T06:22:50Z","2023-07-23T12:28:35Z","2023-07-23T12:28:35Z","1.25","2023-Q3"
"2294","Update redb","raphjaph","closed","true","other","2023-07-21T12:44:37Z","2023-07-21T12:57:05Z","2023-07-21T12:57:05Z","0.01","2023-Q3"
"2284","Add satpoint and (optionaly) address to index export","veryordinally","closed","true","indexer","2023-07-17T11:13:04Z","2023-07-19T14:06:37Z","2023-07-19T14:06:37Z","2.12","2023-Q3"
"2281","Update bitcoin dependencies","raphjaph","closed","true","other","2023-07-16T21:54:59Z","2023-07-21T12:34:19Z","2023-07-21T12:34:19Z","4.61","2023-Q3"
"2280","use backported miniscript branch from apoelstra (should hit mainline …","niftynei","closed","false","other","2023-07-16T18:35:56Z","","2023-07-21T12:34:46Z","4.75","2023-Q3"
"2279","Fix ordering for reinscriptions and show all reinscriptions for sat","veryordinally","closed","true","fix","2023-07-16T17:00:04Z","2023-07-17T09:20:23Z","2023-07-17T09:20:23Z","0.68","2023-Q3"
"2278","Provenance spec","casey","closed","true","docs","2023-07-15T22:43:18Z","2023-09-04T18:31:55Z","2023-09-04T18:31:55Z","50.83","2023-Q3"
"2276","Fix docs inconsistency","raphjaph","closed","true","fix","2023-07-15T16:19:39Z","2023-07-16T22:04:29Z","2023-07-16T22:04:29Z","1.24","2023-Q3"
"2275","Fix/index corruption with clippy fixes and rename","raphjaph","closed","true","indexer","2023-07-14T16:58:17Z","2023-07-14T18:00:16Z","2023-07-14T18:00:16Z","0.04","2023-Q3"
"2270","fix: server corrupting index","victorkirov","closed","false","indexer","2023-07-13T06:35:29Z","","2023-07-14T18:02:40Z","1.48","2023-Q3"
"2261","Add contributing section","raphjaph","closed","true","feat","2023-07-10T10:43:15Z","2023-07-10T11:35:24Z","2023-07-10T11:35:24Z","0.04","2023-Q3"
"2251","Safari doesn't like multiple CSP headers","devlz303","closed","false","other","2023-07-06T07:30:46Z","","2023-07-10T19:18:06Z","4.49","2023-Q3"
"2250","Read only Json API","Mathieu-Be","closed","true","api","2023-07-05T07:07:30Z","2023-08-10T10:33:19Z","2023-08-10T10:33:20Z","36.14","2023-Q3"
"2244","feat: add outputs api","sidmorizon","closed","false","api","2023-07-03T07:28:55Z","","2023-07-03T07:29:26Z","0","2023-Q3"
"2240","Set lower max age for not found","revofusion","closed","true","other","2023-07-01T16:34:38Z","2023-07-02T09:23:14Z","2023-07-02T09:23:14Z","0.7","2023-Q3"
"2238","Release 0.8.0","raphjaph","closed","true","other","2023-07-01T11:19:53Z","2023-07-01T11:26:11Z","2023-07-01T11:26:11Z","0","2023-Q3"
"2237","Add local install","bingryan","closed","false","feat","2023-07-01T07:24:42Z","","2023-07-01T11:04:29Z","0.15","2023-Q3"
"2236","Update server.rs to fix recursive inscriptions on iOS/Safari","bodily11","closed","false","api","2023-07-01T03:47:46Z","","2023-07-10T14:15:56Z","9.44","2023-Q3"
"2233","Always set cache size","raphjaph","closed","true","other","2023-06-30T09:02:40Z","2023-06-30T17:41:40Z","2023-06-30T17:41:40Z","0.36","2023-Q2"
"2231","brotli except iframe","staccDOTsol","closed","false","other","2023-06-30T00:30:14Z","","2023-08-31T20:36:26Z","62.84","2023-Q2"
"2230","Update redb to 1.0.2","raphjaph","closed","true","other","2023-06-29T19:57:32Z","2023-06-29T20:04:00Z","2023-06-29T20:04:00Z","0","2023-Q2"
"2228","Ord dev deploy","raphjaph","closed","true","other","2023-06-28T21:24:41Z","2023-06-30T17:53:34Z","2023-06-30T17:53:34Z","1.85","2023-Q2"
"2225","Add `index check` and `index compact`","raphjaph","closed","false","indexer","2023-06-28T12:59:01Z","","2023-07-01T11:16:10Z","2.93","2023-Q2"
"2224","Set db cache size","raphjaph","closed","true","other","2023-06-28T12:06:42Z","2023-06-30T08:06:50Z","2023-06-30T08:06:50Z","1.83","2023-Q2"
"2223","Change Recursion to Composition","piesrtasty","closed","false","other","2023-06-27T20:41:41Z","","2023-06-28T20:12:27Z","0.98","2023-Q2"
"2222","Shadow inscriptions","onchainguy-btc","closed","false","other","2023-06-26T12:56:32Z","","2023-06-28T18:21:58Z","2.23","2023-Q2"
"2220","Update bip.mediawiki","ilanolkies","closed","true","other","2023-06-25T19:16:46Z","2023-06-28T20:23:11Z","2023-06-28T20:23:11Z","3.05","2023-Q2"
"2215","Update explorer.md","elocremarc","closed","true","other","2023-06-24T02:36:32Z","2023-08-22T11:53:02Z","2023-08-22T11:53:02Z","59.39","2023-Q2"
"2213","Release 0.7.0","raphjaph","closed","true","other","2023-06-23T21:14:58Z","2023-06-23T21:24:53Z","2023-06-23T21:24:53Z","0.01","2023-Q2"
"2212","Tweak publish recipe","raphjaph","closed","true","other","2023-06-23T20:33:27Z","2023-06-23T20:39:53Z","2023-06-23T20:39:54Z","0","2023-Q2"
"2209","Fix Edge Cases in Cursed Inscription Numbering Leading to rare Off-by-One-Bug","veryordinally","closed","true","fix","2023-06-23T12:40:59Z","2023-06-23T19:56:49Z","2023-06-23T19:56:49Z","0.3","2023-Q2"
"2208","Add export command for number to id table","raphjaph","closed","true","cli","2023-06-22T15:54:10Z","2023-06-23T19:15:26Z","2023-06-23T19:15:26Z","1.14","2023-Q2"
"2207","Allow blobs in content CSP","utxo-detective","closed","false","content","2023-06-22T15:00:40Z","","2023-06-23T16:18:26Z","1.05","2023-Q2"
"2206","add Markdown media type","elocremarc","closed","true","content","2023-06-22T10:55:09Z","2023-06-23T18:50:00Z","2023-06-23T18:50:00Z","1.33","2023-Q2"
"2203","Add blob urls to Content Security Policy headers","Vanniix","closed","true","content","2023-06-21T02:17:24Z","2023-06-23T18:10:41Z","2023-06-23T18:10:41Z","2.66","2023-Q2"
"2196","Thords","PayFv","closed","false","other","2023-06-19T02:19:05Z","","2023-06-19T02:19:13Z","0","2023-Q2"
"2195","Ordinals master","chrigeeel","closed","false","other","2023-06-18T20:00:48Z","","2023-06-18T20:01:31Z","0","2023-Q2"
"2192","add indexing for p2wsh inscriptions","bdemann","closed","false","feat","2023-06-18T02:55:44Z","","2023-08-31T18:03:58Z","74.63","2023-Q2"
"2189","Check inscribe destination address network","casey","closed","true","other","2023-06-16T20:10:34Z","2023-06-19T09:51:30Z","2023-06-19T09:51:31Z","2.57","2023-Q2"
"2186","Release 0.6.2","raphjaph","closed","true","other","2023-06-15T18:21:05Z","2023-06-15T18:37:28Z","2023-06-15T18:37:28Z","0.01","2023-Q2"
"2175","Recursive Endpoints","raphjaph","closed","true","other","2023-06-12T10:45:02Z","2023-06-15T18:14:27Z","2023-06-15T18:14:27Z","3.31","2023-Q2"
"2174","Document recursion","casey","closed","true","other","2023-06-12T01:29:54Z","2023-06-12T11:43:01Z","2023-06-12T11:43:01Z","0.43","2023-Q2"
"2173","Add CSS and JavaScript media types","casey","closed","true","content","2023-06-12T01:25:21Z","2023-06-12T11:05:09Z","2023-06-12T11:05:09Z","0.4","2023-Q2"
"2168","Update ord dependency in lockfile","casey","closed","true","other","2023-06-08T07:46:55Z","2023-06-08T09:18:44Z","2023-06-08T09:18:44Z","0.06","2023-Q2"
"2167","Recursive inscriptions","casey","closed","true","other","2023-06-08T07:35:49Z","2023-06-10T10:46:47Z","2023-06-10T10:46:47Z","2.13","2023-Q2"
"2164","Release 0.6.1","raphjaph","closed","true","other","2023-06-06T18:24:24Z","2023-06-06T18:28:28Z","2023-06-06T18:28:28Z","0","2023-Q2"
"2161","allow ajax requests from 'self' same origin within inscriptions","ericatallah","closed","false","other","2023-06-06T17:01:49Z","","2023-06-08T01:41:23Z","1.36","2023-Q2"
"2155","Updated install.sh for new repo name","LightRider5","closed","true","other","2023-06-05T12:51:43Z","2023-06-06T16:37:44Z","2023-06-06T16:37:44Z","1.16","2023-Q2"
"2154","Fix sat index test","raphjaph","closed","true","indexer","2023-06-05T11:05:52Z","2023-06-06T18:05:45Z","2023-06-06T18:05:46Z","1.29","2023-Q2"
"2150","Release 0.6.0","raphjaph","closed","true","other","2023-06-04T13:58:34Z","2023-06-04T14:02:36Z","2023-06-04T14:02:36Z","0","2023-Q2"
"2148","Tweak docs","raphjaph","closed","true","other","2023-06-04T13:04:45Z","2023-06-04T13:16:35Z","2023-06-04T13:16:35Z","0.01","2023-Q2"
"2145","Cursed Inscriptions [1/n]","raphjaph","closed","true","other","2023-06-03T13:42:42Z","2023-06-04T13:50:34Z","2023-06-04T13:50:34Z","1.01","2023-Q2"
"2141","Update redb from 0.13.0 to 1.0.2","raphjaph","closed","true","other","2023-06-02T10:19:39Z","2023-06-29T19:30:48Z","2023-06-29T19:30:48Z","27.38","2023-Q2"
"2136","Create SECURITY.md","Holytrade","closed","false","other","2023-06-01T11:51:12Z","","2023-08-22T15:31:40Z","82.15","2023-Q2"
"2135","`OP_PUSH` instead of `OP_1`","raphjaph","closed","true","other","2023-05-31T19:49:40Z","2023-05-31T20:43:36Z","2023-05-31T20:43:36Z","0.04","2023-Q2"
"2134","Add arbitrary metadata to inscription","dannydeezy","closed","false","feat","2023-05-31T06:19:36Z","","2023-10-03T20:03:10Z","125.57","2023-Q2"
"2128","GITBOOK: Jinglee's May 30 changes Handbook_CHN Version 1.0","DrJingLee","closed","false","other","2023-05-29T16:34:58Z","","2023-08-18T02:00:58Z","80.39","2023-Q2"
"2125","Update donate.md for inscriptions donations.","veryordinally","closed","true","other","2023-05-29T07:41:16Z","2023-05-29T13:17:09Z","2023-05-29T13:17:09Z","0.23","2023-Q2"
"2119","Promote raphjaph to lead maintainer","casey","closed","true","other","2023-05-28T00:17:15Z","2023-05-28T00:24:43Z","2023-05-28T00:24:43Z","0.01","2023-Q2"
"2112","[WIP] Add manually cursed tag OP_66","dannydeezy","closed","false","feat","2023-05-25T03:44:14Z","","2023-05-25T04:06:01Z","0.02","2023-Q2"
"2109","Unrecognized even tags are unbound and assigned negative inscription numbers","raphjaph","closed","false","other","2023-05-24T12:13:34Z","","2023-08-29T19:36:50Z","97.31","2023-Q2"
"2108","Switch back to stable clippy","casey","closed","true","refactor","2023-05-23T11:00:22Z","2023-05-23T11:07:26Z","2023-05-23T11:07:26Z","0","2023-Q2"
"2107","Inscriptions with no sat are unbound","casey","closed","true","other","2023-05-23T10:49:05Z","2023-05-24T10:19:04Z","2023-05-24T10:19:04Z","0.98","2023-Q2"
"2104","[WIP] parse and store brc20s from inscription index","berryhill","closed","false","indexer","2023-05-23T00:54:02Z","","2023-05-23T00:54:50Z","0","2023-Q2"
"2103","Features/compressit","redactedJare","closed","false","other","2023-05-22T16:37:45Z","","2023-05-22T21:39:54Z","0.21","2023-Q2"
"2099","Api update 2","dephizee","closed","false","api","2023-05-20T12:40:06Z","","2023-05-27T06:11:36Z","6.73","2023-Q2"
"2098","Api update","dephizee","closed","false","api","2023-05-20T12:36:49Z","","2023-05-27T06:12:31Z","6.73","2023-Q2"
"2090","Add inscription detail for eventlog.","PayFv","closed","false","feat","2023-05-16T05:43:33Z","","2023-05-16T05:43:54Z","0","2023-Q2"
"2083","Initial commit","btcblockz","closed","false","other","2023-05-12T13:13:23Z","","2023-05-12T13:14:23Z","0","2023-Q2"
"2082","Handbook Chinese Version 0.1","DrJingLee","closed","false","other","2023-05-11T18:34:27Z","","2023-05-29T15:15:03Z","17.86","2023-Q2"
"2081","[2/3] Redefine inscription parsing","raphjaph","closed","false","other","2023-05-11T18:07:52Z","","2023-05-25T02:34:27Z","13.35","2023-Q2"
"2079","[1/3] Refactor inscription parsing","raphjaph","closed","false","refactor","2023-05-11T07:43:04Z","","2023-05-25T02:34:12Z","13.79","2023-Q2"
"2077","Fix typo in sparrow-wallet.md","eltociear","closed","true","wallet","2023-05-10T15:28:17Z","2023-05-30T10:44:02Z","2023-05-30T10:44:02Z","19.8","2023-Q2"
"2069","Update some dependencies","casey","closed","false","other","2023-05-07T03:03:29Z","","2023-05-07T03:03:57Z","0","2023-Q2"
"2068","Update dependencies","casey","closed","true","other","2023-05-07T02:46:38Z","2023-05-07T02:57:11Z","2023-05-07T02:57:11Z","0.01","2023-Q2"
"2067","Use struct variants in Origin enum","casey","closed","true","other","2023-05-06T18:26:16Z","2023-05-06T18:29:23Z","2023-05-06T18:29:23Z","0","2023-Q2"
"2064","ord wallet inscriptions Can't get the inscription link correctly","daidean","closed","false","wallet","2023-05-05T05:04:48Z","","2023-05-05T05:06:00Z","0","2023-Q2"
"2056","Document username and password authentication to bitcoind","casey","closed","true","other","2023-05-01T18:44:04Z","2023-05-01T19:11:16Z","2023-05-01T19:11:16Z","0.02","2023-Q2"
"2055","she builds; untested. good luck have fun.","staccDOTsol","closed","false","other","2023-04-30T01:19:14Z","","2023-05-01T17:36:12Z","1.68","2023-Q2"
"2044","Add example config file","soenkehahn","closed","true","feat","2023-04-25T18:06:47Z","2023-04-25T18:17:01Z","2023-04-25T18:17:01Z","0.01","2023-Q2"
"2043","Fix typos in test names","soenkehahn","closed","true","test","2023-04-25T17:12:56Z","2023-04-25T18:11:28Z","2023-04-25T18:11:28Z","0.04","2023-Q2"
"2040","test PR, please ignore","soenkehahn","closed","false","test","2023-04-24T20:46:36Z","","2023-04-25T17:20:03Z","0.86","2023-Q2"
"2037","Switch to clippy nightly","soenkehahn","closed","true","refactor","2023-04-22T22:28:58Z","2023-04-24T19:31:19Z","2023-04-24T19:31:19Z","1.88","2023-Q2"
"2036","Json API for Ord","ynohtna92","closed","false","api","2023-04-21T22:38:20Z","","2023-08-22T11:37:22Z","122.54","2023-Q2"
"2034","Improve donation page","casey","closed","true","other","2023-04-20T20:16:24Z","2023-04-24T19:36:54Z","2023-04-24T19:36:54Z","3.97","2023-Q2"
"2033","Copy + Format Changes to Gifts Page","Isabelfoxenduke","closed","false","other","2023-04-19T20:54:17Z","","2023-04-20T20:18:37Z","0.98","2023-Q2"
"2031","Cursed inscriptions","casey","closed","false","other","2023-04-19T18:49:56Z","","2023-07-28T15:38:53Z","99.87","2023-Q2"
"2028","Tweak --config and --config-dir help text","soenkehahn","closed","false","other","2023-04-18T21:33:45Z","","2023-04-25T18:08:02Z","6.86","2023-Q2"
"2026","Release 0.5.2","casey","closed","true","other","2023-04-17T18:59:46Z","2023-04-17T19:09:54Z","2023-04-17T19:09:54Z","0.01","2023-Q2"
"2025","Misc changes","casey","closed","true","other","2023-04-17T18:12:08Z","2023-04-17T18:23:02Z","2023-04-17T18:23:02Z","0.01","2023-Q2"
"2021","Copy fix","raphjaph","closed","true","fix","2023-04-17T17:52:23Z","2023-04-17T17:57:48Z","2023-04-17T17:57:48Z","0","2023-Q2"
"2008","Handle interrupts better","terror","closed","true","other","2023-04-12T19:41:47Z","2023-04-12T20:11:55Z","2023-04-12T20:11:55Z","0.02","2023-Q2"
"2006","Identifying inscriptions","raphjaph","closed","false","other","2023-04-11T14:16:48Z","","2023-04-19T19:24:08Z","8.21","2023-Q2"
"2004","Add basic auth option to server subcommand","olivbau","closed","false","api","2023-04-07T13:27:22Z","","2023-04-19T19:22:06Z","12.25","2023-Q2"
"2002","Implement 'export' subcommand to write inscriptions to the file system","soenkehahn","closed","false","cli","2023-04-07T02:32:59Z","","2024-02-12T20:38:27Z","311.75","2023-Q2"
"1998","Modify `ord list` output to include the end of each range and the off…","gmart7t2","closed","true","other","2023-04-03T00:45:17Z","2023-07-15T22:44:49Z","2023-07-15T22:44:49Z","103.92","2023-Q2"
"1996","Add `inscriptions` subcommand to list all inscriptions in order of in…","gmart7t2","closed","false","cli","2023-04-02T01:23:08Z","","2023-07-28T14:20:02Z","117.54","2023-Q2"
"1994","Add flags to `wallet inscribe` and `wallet send` to allow setting the…","gmart7t2","closed","false","wallet","2023-03-31T18:11:01Z","","2023-08-16T17:34:10Z","137.97","2023-Q1"
"1992","Allow running `find` on a range of sats.","gmart7t2","closed","true","other","2023-03-31T12:44:48Z","2023-09-19T20:18:45Z","2023-09-19T20:18:45Z","172.32","2023-Q1"
"1991","Don't try to create the default data directory if --index overrides it","gmart7t2","closed","true","indexer","2023-03-31T12:37:18Z","2023-07-15T23:18:36Z","2023-07-15T23:18:36Z","106.45","2023-Q1"
"1990","WIP bip322 verification","utxo-detective","closed","false","other","2023-03-30T22:55:49Z","","2023-06-22T14:51:31Z","83.66","2023-Q1"
"1987","Make output created after strip_value cover tx fee","harutyunaraci","closed","false","wallet","2023-03-30T16:22:03Z","","2023-04-16T09:04:49Z","16.7","2023-Q1"
"1984","Apis","coding-hunk","closed","false","other","2023-03-29T16:33:51Z","","2023-07-25T13:29:38Z","117.87","2023-Q1"
"1978","My changes","Aervue","closed","false","other","2023-03-27T23:01:39Z","","2023-03-27T23:02:02Z","0","2023-Q1"
"1971","Subtract output values from offset when inscription spent as fee","gmart7t2","closed","true","wallet","2023-03-25T14:11:53Z","2023-04-14T18:29:44Z","2023-04-14T18:29:44Z","20.18","2023-Q1"
"1970","Toggle between latest inscriptions and blocks","raphjaph","closed","false","other","2023-03-24T23:55:32Z","","2023-08-10T10:45:44Z","138.45","2023-Q1"
"1969","placate updated clippy","raphjaph","closed","false","refactor","2023-03-24T21:37:34Z","","2023-03-24T21:50:30Z","0.01","2023-Q1"
"1968","Miscellaneous design improvements","raphjaph","closed","true","other","2023-03-24T19:03:00Z","2023-03-24T21:47:04Z","2023-03-24T21:47:04Z","0.11","2023-Q1"
"1966","Update miniscript dependency to 9.0.1","soenkehahn","closed","true","other","2023-03-23T16:37:20Z","2023-04-07T18:49:17Z","2023-04-07T18:49:17Z","15.09","2023-Q1"
"1963","Collections not using psbt workflow ","raphjaph","closed","false","wallet","2023-03-22T21:24:31Z","","2023-09-06T20:52:51Z","167.98","2023-Q1"
"1960","Enable PreAllocation Of Vectors When Possible","bonedaddy","closed","true","feat","2023-03-22T01:18:13Z","2023-10-03T19:09:04Z","2023-10-03T19:09:04Z","195.74","2023-Q1"
"1959","Enable Usage of JemAllocator","bonedaddy","closed","false","feat","2023-03-22T01:17:26Z","","2023-05-01T18:07:05Z","40.7","2023-Q1"
"1947","typo: restore is a wallet command","gmart7t2","closed","true","wallet","2023-03-18T18:23:28Z","2023-04-13T18:17:37Z","2023-04-13T18:17:37Z","26","2023-Q1"
"1942","add deb package","ericatallah","closed","false","feat","2023-03-17T01:38:44Z","","2023-11-22T23:04:21Z","250.89","2023-Q1"
"1941","testing","bensig","closed","false","other","2023-03-17T00:33:43Z","","2023-03-17T00:34:17Z","0","2023-Q1"
"1939","add .deb package","rudi-cilibrasi","closed","false","feat","2023-03-16T07:10:30Z","","2023-03-16T07:11:51Z","0","2023-Q1"
"1938","Bug fix: Only return blocks once indexed","apezord","closed","false","fix","2023-03-16T05:48:02Z","","2023-08-22T22:06:54Z","159.68","2023-Q1"
"1936","Add fn of find inscribe by number","jayhaizeizai","closed","false","feat","2023-03-15T09:45:09Z","","2023-03-15T10:25:56Z","0.03","2023-Q1"
"1935","Customized metadata display","mikyoch","closed","false","other","2023-03-14T17:26:56Z","","2023-03-16T18:06:47Z","2.03","2023-Q1"
"1934","Customized metadata display","mikyoch","closed","false","other","2023-03-14T16:42:27Z","","2023-03-14T17:23:58Z","0.03","2023-Q1"
"1929","Use the taproot dust limit when determining whether padding is required.","gmart7t2","closed","true","other","2023-03-13T21:38:57Z","2023-07-24T21:55:54Z","2023-07-24T21:55:54Z","133.01","2023-Q1"
"1928","Add 'amount' field to 'wallet inscriptions' output.","gmart7t2","closed","true","wallet","2023-03-13T16:34:00Z","2023-07-24T20:48:31Z","2023-07-24T20:48:31Z","133.18","2023-Q1"
"1927","Allow splitting merged inscriptions","gmart7t2","closed","true","other","2023-03-13T16:25:05Z","2023-08-22T23:02:28Z","2023-08-22T23:02:28Z","162.28","2023-Q1"
"1926","features/compression","staccDOTsol","closed","false","other","2023-03-13T15:34:51Z","","2023-04-19T19:43:34Z","37.17","2023-Q1"
"1923","Fix errors found by clippy since the rust 1.68.0 update.","gmart7t2","closed","false","refactor","2023-03-12T23:48:26Z","","2023-04-07T19:00:22Z","25.8","2023-Q1"
"1922","Use the --fee-rate when sending an amount","gmart7t2","closed","true","wallet","2023-03-12T21:30:03Z","2023-08-17T15:11:02Z","2023-08-17T15:11:03Z","157.74","2023-Q1"
"1909","Add Solana teleburn address","orenyomtov","closed","false","feat","2023-03-10T17:13:58Z","","2023-10-23T02:31:12Z","226.39","2023-Q1"
"1906","add traits for inscriptions","coding-hunk","closed","false","feat","2023-03-09T21:01:32Z","","2023-04-19T19:45:01Z","40.95","2023-Q1"
"1905","[Typo] Fix singular of 'genesis' on transaction page","tudormunteanu","closed","false","fix","2023-03-09T19:48:08Z","","2023-04-13T17:09:15Z","34.89","2023-Q1"
"1904","Add 'ord wallet cardinals' command to list the cardinal outputs.","gmart7t2","closed","true","wallet","2023-03-09T05:02:34Z","2023-03-27T20:08:26Z","2023-03-27T20:08:27Z","18.63","2023-Q1"
"1899","metadata string added for inscribe file","MBenz12","closed","false","other","2023-03-08T17:41:41Z","","2023-03-16T13:12:25Z","7.81","2023-Q1"
"1897","Mandatory fee rate for inscribe","gmart7t2","closed","true","wallet","2023-03-08T16:57:21Z","2023-03-27T18:29:59Z","2023-03-27T18:29:59Z","19.06","2023-Q1"
"1892","Add offers","raphjaph","closed","false","feat","2023-03-08T00:53:00Z","","2023-04-13T16:59:01Z","36.67","2023-Q1"
"1891","inscription metadata","coding-hunk","closed","false","other","2023-03-07T21:10:17Z","","2023-03-08T02:54:36Z","0.24","2023-Q1"
"1890","Add tag directory to release","qililime","closed","false","feat","2023-03-07T05:44:04Z","","2023-03-07T06:20:29Z","0.03","2023-Q1"
"1885","Create tag","qililime","closed","false","other","2023-03-06T14:36:39Z","","2023-03-06T14:38:27Z","0","2023-Q1"
"1874","Better interrupt message","neunenak","closed","true","other","2023-03-05T09:47:28Z","2023-03-07T03:47:17Z","2023-03-07T03:47:17Z","1.75","2023-Q1"
"1871","README.md: less brittle install command","RandyMcMillan","closed","false","cli","2023-03-05T02:00:54Z","","2023-03-06T16:56:45Z","1.62","2023-Q1"
"1869","Enable collections/provenance through parent inscriptions method","raphjaph","closed","false","feat","2023-03-04T01:15:33Z","","2023-04-13T13:32:00Z","40.51","2023-Q1"
"1866","disregard: unintended PR","hydren-crypto","closed","false","other","2023-03-03T12:35:38Z","","2023-03-03T12:36:37Z","0","2023-Q1"
"1858","Allow selection of multiple utxos in pad_alignment_output and add_value ","gmart7t2","closed","false","other","2023-02-28T18:44:34Z","","2023-07-30T15:31:07Z","151.87","2023-Q1"
"1857","Complain when a satpoint's offset is off the end of the output.","gmart7t2","closed","true","other","2023-02-28T18:21:38Z","2023-03-07T02:59:54Z","2023-03-07T02:59:54Z","6.36","2023-Q1"
"1856","Fix bitcoin wiki link","gmart7t2","closed","true","fix","2023-02-28T16:04:54Z","2023-03-07T02:20:45Z","2023-03-07T02:20:45Z","6.43","2023-Q1"
"1854","Makes bitcoind a forking daemon","kvnn","closed","false","other","2023-02-28T05:45:52Z","","2023-04-12T00:59:49Z","42.8","2023-Q1"
"1853","Correct reveal tx fee calculation","gmart7t2","closed","true","wallet","2023-02-27T23:17:05Z","2023-03-07T03:34:27Z","2023-03-07T03:34:27Z","7.18","2023-Q1"
"1847","Fix the ord wallet descriptors","gmart7t2","closed","true","wallet","2023-02-27T19:21:50Z","2023-03-27T18:19:25Z","2023-03-27T18:19:25Z","27.96","2023-Q1"
"1828","Skip indexing inscriptions when below first inscription","andrewtoth","closed","true","other","2023-02-23T23:08:15Z","2023-03-07T04:00:03Z","2023-03-07T04:00:03Z","11.2","2023-Q1"
"1827","Added livestream to README.md","cbspears","closed","true","docs","2023-02-23T20:59:46Z","2023-02-23T21:15:55Z","2023-02-23T21:15:55Z","0.01","2023-Q1"
"1825","Added checksum to eth address, added teleburn to inscriptions page","rot13maxi","closed","true","other","2023-02-23T20:21:32Z","2023-06-09T12:20:36Z","2023-06-09T12:20:36Z","105.67","2023-Q1"
"1823","added eth address checksum","rot13maxi","closed","false","other","2023-02-23T18:52:44Z","","2023-02-23T19:22:49Z","0.02","2023-Q1"
"1820","Push Docker image on git tag via Github Actions","tiero","closed","false","other","2023-02-22T18:50:44Z","","2023-04-19T19:52:37Z","56.04","2023-Q1"
"1815","Typo","toddynho","closed","true","other","2023-02-21T21:37:16Z","2023-02-21T21:43:47Z","2023-02-21T21:43:47Z","0","2023-Q1"
"1814","Release 0.5.1","raphjaph","closed","true","other","2023-02-21T20:22:28Z","2023-02-21T20:33:34Z","2023-02-21T20:33:34Z","0.01","2023-Q1"
"1812","Batch block hash and header requests using hyper","andrewtoth","closed","false","indexer","2023-02-21T00:56:56Z","","2024-02-12T20:42:40Z","356.82","2023-Q1"
"1805","Add option to inscribe BitTorrent (V1) infohashes","shesek","closed","false","cli","2023-02-20T09:51:23Z","","2023-04-07T19:04:24Z","46.38","2023-Q1"
"1792","install.sh case $uname_target: additional err msg","bnonni","closed","true","other","2023-02-18T12:05:15Z","2023-02-21T22:05:18Z","2023-02-21T22:05:18Z","3.42","2023-Q1"
"1785","Add remote rpc support","eddiewang","closed","false","feat","2023-02-17T16:45:32Z","","2023-05-01T18:35:28Z","73.08","2023-Q1"
"1783","Add 4 nodes that relay inscription transactions","ghost","closed","false","feat","2023-02-17T14:23:45Z","","2023-04-14T04:15:48Z","55.58","2023-Q1"
"1769","Correctly parse inscriptions when using minimal opcodes","arik-so","closed","false","other","2023-02-16T09:18:16Z","","2023-10-25T00:01:23Z","250.61","2023-Q1"
"1768","Add default.nix file","neunenak","closed","false","feat","2023-02-16T07:45:31Z","","2024-02-12T20:43:50Z","361.54","2023-Q1"
"1766","Fix remote RPC wallet commands","carlosalaniz","closed","true","wallet","2023-02-16T04:54:06Z","2023-07-28T15:30:42Z","2023-07-28T15:30:42Z","162.44","2023-Q1"
"1765","Adds a Dockerfile","magicniko","closed","false","other","2023-02-16T03:42:40Z","","2023-03-09T20:13:29Z","21.69","2023-Q1"
"1759","Batch tx requests","andrewtoth","closed","true","other","2023-02-15T22:16:23Z","2023-02-20T19:29:50Z","2023-02-20T19:29:51Z","4.88","2023-Q1"
"1755","Remove default for parameter `--fee-rate` for `wallet send`","veryordinally","closed","true","wallet","2023-02-15T14:33:12Z","2023-02-15T23:24:21Z","2023-02-15T23:24:21Z","0.37","2023-Q1"
"1752","Github workflow to build and push Docker images on tag","nevets963","closed","false","other","2023-02-15T12:05:56Z","","2023-11-30T22:14:11Z","288.42","2023-Q1"
"1751","Add `Dockerfile` to build Docker image","nevets963","closed","false","feat","2023-02-15T11:59:36Z","","2023-11-30T22:14:20Z","288.43","2023-Q1"
"1742","Add collecting with sparrow wallet guide to handbook","windsok","closed","true","wallet","2023-02-14T22:20:31Z","2023-02-16T20:15:51Z","2023-02-16T20:15:51Z","1.91","2023-Q1"
"1737","Add troubleshooting guide for syncing bitcoind","andrewtoth","closed","true","feat","2023-02-14T19:56:52Z","2023-10-03T18:49:37Z","2023-10-03T18:49:37Z","230.95","2023-Q1"
"1731","Create rpc client after updating index","andrewtoth","closed","true","indexer","2023-02-14T03:51:28Z","2023-02-21T22:13:04Z","2023-02-21T22:13:04Z","7.76","2023-Q1"
"1730","Minor copy fixes","kn0wmad","closed","true","other","2023-02-14T00:04:57Z","2023-02-21T21:50:42Z","2023-02-21T21:50:42Z","7.91","2023-Q1"
"1716","High impact typo fix","terror","closed","true","fix","2023-02-13T04:58:55Z","2023-02-13T17:12:57Z","2023-02-13T17:12:57Z","0.51","2023-Q1"
"1715","Fix typos in overview.md","mjethani","closed","true","fix","2023-02-13T04:28:15Z","2023-02-14T20:45:23Z","2023-02-14T20:45:23Z","1.68","2023-Q1"
"1713","Add brotli compression for text-based inscriptions","terror","closed","true","feat","2023-02-13T02:23:03Z","2023-11-16T20:26:46Z","2023-11-16T20:26:46Z","276.75","2023-Q1"
"1700","Fix changelog dates: 2022 → 2023","casey","closed","true","docs","2023-02-12T07:49:46Z","2023-02-12T08:17:22Z","2023-02-12T08:17:22Z","0.02","2023-Q1"
"1698","Expansion of CONTRIBUTING","Psifour","closed","false","other","2023-02-12T06:33:07Z","","2023-04-19T19:58:26Z","66.56","2023-Q1"
"1697","Remove passing config file in ord service file","terror","closed","true","other","2023-02-12T06:14:05Z","2023-02-17T19:43:36Z","2023-02-17T19:43:36Z","5.56","2023-Q1"
"1695","Fix release number","casey","closed","true","fix","2023-02-12T05:48:18Z","2023-02-12T06:00:01Z","2023-02-12T06:00:01Z","0.01","2023-Q1"
"1694","Release 0.5.0","casey","closed","true","other","2023-02-12T05:34:44Z","2023-02-12T05:46:48Z","2023-02-12T05:46:48Z","0.01","2023-Q1"
"1693","Teleburn","Rob1Ham","closed","false","other","2023-02-12T05:03:01Z","","2023-06-09T12:26:51Z","117.31","2023-Q1"
"1689","Add support for binary GLTF inscriptions","casey","closed","true","feat","2023-02-11T22:57:43Z","2023-02-12T05:20:58Z","2023-02-12T05:20:58Z","0.27","2023-Q1"
"1682","Typo fix","sbddesign","closed","true","fix","2023-02-11T19:33:09Z","2023-02-13T20:33:04Z","2023-02-13T20:33:04Z","2.04","2023-Q1"
"1680","Add teleburn command","casey","closed","true","cli","2023-02-11T18:36:47Z","2023-10-23T02:31:09Z","2023-10-23T02:31:09Z","253.33","2023-Q1"
"1669","Enable Passphrase for Restore Command","Psifour","closed","true","cli","2023-02-11T07:26:41Z","2023-02-17T22:07:15Z","2023-02-17T22:07:15Z","6.61","2023-Q1"
"1666","add support for gltf-binary media","sayangel","closed","false","content","2023-02-11T04:42:16Z","","2023-02-13T12:07:28Z","2.31","2023-Q1"
"1662","Sketch of API","casey","closed","false","api","2023-02-11T02:28:35Z","","2023-08-22T20:12:59Z","192.74","2023-Q1"
"1655","Add ord server guide","terror","closed","false","api","2023-02-10T18:21:31Z","","2023-08-22T20:14:11Z","193.08","2023-Q1"
"1654","Cache all output values when we fetch a new tx","andrewtoth","closed","false","other","2023-02-10T18:02:52Z","","2023-02-10T19:10:04Z","0.05","2023-Q1"
"1651","Add Chinese explaination and regtest net guides","dajuguan","closed","false","feat","2023-02-10T17:12:14Z","","2023-09-11T10:16:16Z","212.71","2023-Q1"
"1650","add Chinese intro and regtest  inscription guide","dajuguan","closed","false","feat","2023-02-10T17:00:01Z","","2023-02-10T17:01:49Z","0","2023-Q1"
"1637","Handle block count RPC error gracefully","andrewtoth","closed","true","indexer","2023-02-10T02:05:57Z","2023-02-21T20:11:55Z","2023-02-21T20:11:55Z","11.75","2023-Q1"
"1636","Use REST interface for calling get_raw_transaction","andrewtoth","closed","false","other","2023-02-10T01:55:24Z","","2023-02-15T22:21:36Z","5.85","2023-Q1"
"1625","Add note on default build location","whoabuddy","closed","true","feat","2023-02-09T13:32:12Z","2023-02-21T22:00:02Z","2023-02-21T22:00:02Z","12.35","2023-Q1"
"1615","Set rustc version in Cargo.toml & README","apbendi","closed","true","docs","2023-02-09T03:33:54Z","2023-02-09T18:52:42Z","2023-02-09T18:52:42Z","0.64","2023-Q1"
"1594","Add prettier config","whoabuddy","closed","false","feat","2023-02-08T18:36:22Z","","2023-08-22T21:12:30Z","195.11","2023-Q1"
"1593","Add prettierignore for all files","whoabuddy","closed","true","feat","2023-02-08T18:18:39Z","2023-02-08T23:23:21Z","2023-02-08T23:23:21Z","0.21","2023-Q1"
"1587","Increase deployed mempool size to 1024 megabytes","casey","closed","true","other","2023-02-08T16:15:12Z","2023-02-08T17:10:35Z","2023-02-08T17:10:35Z","0.04","2023-Q1"
"1578","Drain value_cache instead of reallocating","andrewtoth","closed","false","other","2023-02-08T03:41:06Z","","2023-02-23T22:17:43Z","15.78","2023-Q1"
"1573","Add Build Instructions","dplusplus1024","closed","true","feat","2023-02-08T00:26:15Z","2023-02-08T21:33:37Z","2023-02-08T21:33:37Z","0.88","2023-Q1"
"1572","Update faq.md","NetWalker108","closed","false","other","2023-02-08T00:23:28Z","","2023-07-28T15:23:23Z","170.62","2023-Q1"
"1571","flag that allows no W/U limit","raphjaph","closed","true","cli","2023-02-07T23:57:31Z","2023-02-08T00:31:21Z","2023-02-08T00:31:21Z","0.02","2023-Q1"
"1567","inscrease RSS items to 300","raphjaph","closed","true","other","2023-02-07T22:49:11Z","2023-02-07T22:54:40Z","2023-02-07T22:54:40Z","0","2023-Q1"
"1562","feat: add ability to connect to bitcoind using inline credentials","lgalabru","closed","false","feat","2023-02-07T21:32:14Z","","2023-05-01T18:35:45Z","82.88","2023-Q1"
"1556","Update README.md","dude513","closed","false","docs","2023-02-07T20:54:07Z","","2023-08-22T20:17:25Z","195.97","2023-Q1"
"1540","Include inscription ID in text inscription decode error","casey","closed","true","other","2023-02-07T06:19:50Z","2023-02-07T20:15:43Z","2023-02-07T20:15:43Z","0.58","2023-Q1"
"1537","Improve error messages related to cookie file","casey","closed","true","other","2023-02-07T01:41:48Z","2023-02-07T20:19:49Z","2023-02-07T20:19:49Z","0.78","2023-Q1"
"1536","add option to set inscription destination","rot13maxi","closed","true","cli","2023-02-07T00:41:03Z","2023-02-20T18:51:53Z","2023-02-20T18:51:53Z","13.76","2023-Q1"
"1535","switch recoverable block fetching error message to warning","windsok","closed","false","indexer","2023-02-06T23:59:49Z","","2023-02-07T00:04:39Z","0","2023-Q1"
"1527","Allow rpc_user and rpc_pass in config file","raphjaph","closed","true","other","2023-02-06T18:06:57Z","2023-05-01T18:33:34Z","2023-05-01T18:33:34Z","84.02","2023-Q1"
"1524","Make all wallet commands load wallet","raphjaph","closed","true","wallet","2023-02-06T17:22:53Z","2023-02-07T23:26:33Z","2023-02-07T23:26:33Z","1.25","2023-Q1"
"1516","Use p2p to fetch blocks and headers","andrewtoth","closed","false","other","2023-02-06T04:52:42Z","","2023-02-15T19:00:23Z","9.59","2023-Q1"
"1513","Fix corrupted databases by using redb 0.13.0","hantuzun","closed","true","fix","2023-02-05T19:31:41Z","2023-02-06T00:16:19Z","2023-02-06T00:16:19Z","0.2","2023-Q1"
"1512","Add options to inscribe straight to an address, and/or send commit change to an address","rot13maxi","closed","false","wallet","2023-02-05T18:48:52Z","","2023-02-07T00:41:15Z","1.24","2023-Q1"
"1510","Link donation addresses to mempool.space","casey","closed","true","other","2023-02-05T15:56:37Z","2023-02-05T18:08:26Z","2023-02-05T18:08:26Z","0.09","2023-Q1"
"1509","Note that bounty 3 requires sat index","casey","closed","true","indexer","2023-02-05T15:46:07Z","2023-02-06T07:01:44Z","2023-02-06T07:01:45Z","0.64","2023-Q1"
"1506","Use custom Discord invite link in handbook","casey","closed","true","other","2023-02-05T08:38:16Z","2023-02-06T07:12:35Z","2023-02-06T07:12:35Z","0.94","2023-Q1"
"1500","Add line break do donate page","casey","closed","true","feat","2023-02-04T08:53:16Z","2023-02-04T08:57:20Z","2023-02-04T08:57:20Z","0","2023-Q1"
"1499","Add donation page to the handbook","casey","closed","true","feat","2023-02-04T08:27:11Z","2023-02-04T08:49:55Z","2023-02-04T08:49:55Z","0.02","2023-Q1"
"1498","Add an example to confirm that alert pop-ups are blocked","casey","closed","true","feat","2023-02-04T05:45:47Z","2023-02-06T07:22:37Z","2023-02-06T07:22:37Z","2.07","2023-Q1"
"1492","Support STL inscriptions","casey","closed","true","feat","2023-02-03T19:46:39Z","2023-02-04T04:58:59Z","2023-02-04T04:58:59Z","0.38","2023-Q1"
"1490","Add commit-fee-rate option for specifying individual fee rates","andrewtoth","closed","true","wallet","2023-02-03T19:26:35Z","2023-02-06T23:25:11Z","2023-02-06T23:25:11Z","3.17","2023-Q1"
"1483","Moderation guide typo: wiht → with","casey","closed","true","other","2023-02-03T04:19:57Z","2023-02-03T04:23:40Z","2023-02-03T04:23:40Z","0","2023-Q1"
"1482","Allow passing unsupported content types when inscribing","casey","closed","false","content","2023-02-03T03:42:12Z","","2023-08-22T21:54:31Z","200.76","2023-Q1"
"1474","Add collecting guide","casey","closed","true","feat","2023-02-02T21:56:34Z","2023-02-03T00:53:21Z","2023-02-03T00:53:21Z","0.12","2023-Q1"
"1473","Add moderation guide","casey","closed","true","feat","2023-02-02T21:34:28Z","2023-02-03T04:10:58Z","2023-02-03T04:10:58Z","0.28","2023-Q1"
"1466","Log recoverable updater errors as warnings","casey","closed","true","other","2023-02-02T03:02:52Z","2023-02-06T19:12:00Z","2023-02-06T19:12:00Z","4.67","2023-Q1"
"1463","nix: make it such that cargo test will run on nix","niftynei","closed","true","test","2023-02-02T01:13:47Z","2023-02-02T01:38:53Z","2023-02-02T01:38:53Z","0.02","2023-Q1"
"1459","Fail if index and Bitcoin Core out of sync","raphjaph","closed","true","indexer","2023-02-01T21:41:00Z","2023-02-01T22:59:42Z","2023-02-01T22:59:42Z","0.05","2023-Q1"
"1456","Lazily load iframes","casey","closed","true","other","2023-02-01T17:49:43Z","2023-02-06T23:34:11Z","2023-02-06T23:34:11Z","5.24","2023-Q1"
"1450","add a delay flag to wait for the commit before broadcasting the reveal","rot13maxi","closed","false","cli","2023-02-01T17:26:58Z","","2024-02-12T20:45:11Z","376.14","2023-Q1"
"1449","Render JSON and YAML inscriptions as text","casey","closed","true","api","2023-02-01T16:20:56Z","2023-02-02T05:40:47Z","2023-02-02T05:40:47Z","0.56","2023-Q1"
"1441","fixing types managment ---> management","jsahagun91","closed","true","other","2023-02-01T07:22:06Z","2023-02-01T07:36:05Z","2023-02-01T07:36:05Z","0.01","2023-Q1"
"1434","Fix typo in docs sidebar","worm-emoji","closed","true","fix","2023-01-31T23:51:31Z","2023-02-01T00:48:22Z","2023-02-01T00:48:22Z","0.04","2023-Q1"
"1433","Display inputs on /tx","casey","closed","true","other","2023-01-31T23:35:06Z","2023-01-31T23:53:56Z","2023-01-31T23:53:56Z","0.01","2023-Q1"
"1431","Display AVIF images","casey","closed","false","other","2023-01-31T21:42:03Z","","2023-01-31T21:45:17Z","0","2023-Q1"
"1428","Add avif","hashbender","closed","true","feat","2023-01-31T20:23:24Z","2023-02-06T07:27:14Z","2023-02-06T07:27:14Z","5.46","2023-Q1"
"1425","favicon as default twitter preview card","raphjaph","closed","true","content","2023-01-30T22:14:08Z","2023-01-31T19:11:40Z","2023-01-31T19:11:40Z","0.87","2023-Q1"
"1422","Allow data: in CSP policy","casey","closed","true","other","2023-01-30T18:31:19Z","2023-01-30T18:40:57Z","2023-01-30T18:40:57Z","0.01","2023-Q1"
"1420","Add muted and autoplay to video tag in inscription iframe.","cryptoquick","closed","true","feat","2023-01-30T03:35:01Z","2023-02-01T23:19:46Z","2023-02-01T23:19:46Z","2.82","2023-Q1"
"1419","Add mp4 support","cryptoquick","closed","true","feat","2023-01-30T03:14:48Z","2023-02-03T04:00:35Z","2023-02-03T04:00:36Z","4.03","2023-Q1"
"1414","Remove redirect","casey","closed","true","other","2023-01-29T09:22:33Z","2023-01-30T18:26:21Z","2023-01-30T18:26:21Z","1.38","2023-Q1"
"1413","Display PGP Signatures using text preview","casey","closed","true","content","2023-01-29T07:58:59Z","2023-01-31T19:16:38Z","2023-01-31T19:16:38Z","2.47","2023-Q1"
"1411","Typo","goodwinmark","closed","true","other","2023-01-29T05:27:17Z","2023-01-29T07:27:59Z","2023-01-29T07:27:59Z","0.08","2023-Q1"
"1408","Ulimit","casey","closed","true","other","2023-01-28T19:50:20Z","2023-01-30T18:30:39Z","2023-01-30T18:30:39Z","1.94","2023-Q1"
"1406","Typo: Update README.md","rayonx","closed","true","docs","2023-01-28T18:35:45Z","2023-02-01T06:31:23Z","2023-02-01T06:31:23Z","3.5","2023-Q1"
"1405","Small docs fix","cryptoquick","closed","true","fix","2023-01-27T22:48:12Z","2023-01-27T22:53:45Z","2023-01-27T22:53:45Z","0","2023-Q1"
"1404","Typo","casey","closed","false","other","2023-01-27T19:57:06Z","","2023-02-01T00:34:24Z","4.19","2023-Q1"
"1400","Default preview is /favicon.png","raphjaph","closed","false","content","2023-01-27T16:58:45Z","","2023-01-30T22:14:36Z","3.22","2023-Q1"
"1395","Link to block from inscription","casey","closed","true","indexer","2023-01-27T07:20:25Z","2023-02-01T00:37:34Z","2023-02-01T00:37:34Z","4.72","2023-Q1"
"1392","Add config","casey","closed","true","feat","2023-01-27T04:51:33Z","2023-01-30T22:29:26Z","2023-01-30T22:29:26Z","3.73","2023-Q1"
"1391","Use unproxied domains in justfile recipes","casey","closed","true","other","2023-01-27T01:01:40Z","2023-01-30T18:35:52Z","2023-01-30T18:35:52Z","3.73","2023-Q1"
"1390","Use JSON for all command output","casey","closed","false","api","2023-01-26T23:09:07Z","","2023-08-22T22:26:12Z","207.97","2023-Q1"
"1386","Round expected sat timestamps to the second","casey","closed","true","other","2023-01-26T21:20:46Z","2023-01-26T21:42:22Z","2023-01-26T21:42:23Z","0.01","2023-Q1"
"1384","Hide overflowing ordered lists","casey","closed","true","other","2023-01-26T21:01:36Z","2023-01-26T21:28:37Z","2023-01-26T21:28:37Z","0.02","2023-Q1"
"1381","Show inscription fee","raphjaph","closed","true","wallet","2023-01-26T20:00:03Z","2023-01-26T20:51:14Z","2023-01-26T20:51:14Z","0.04","2023-Q1"
"1376","Remove of ellipsis after more","casey","closed","true","other","2023-01-26T18:56:11Z","2023-01-26T21:32:44Z","2023-01-26T21:32:44Z","0.11","2023-Q1"
"1367","JSON for everyone","raphjaph","closed","true","api","2023-01-25T21:46:30Z","2023-01-25T22:21:02Z","2023-01-25T22:21:03Z","0.02","2023-Q1"
"1366","Compress responses","casey","closed","true","other","2023-01-25T20:53:54Z","2023-01-25T22:13:03Z","2023-01-25T22:13:03Z","0.05","2023-Q1"
"1365","Fix firewall pop-up","raphjaph","closed","true","fix","2023-01-25T18:35:54Z","2023-01-25T18:43:38Z","2023-01-25T18:43:38Z","0.01","2023-Q1"
"1360","Rename GitHub link to Wallet","casey","closed","true","wallet","2023-01-24T22:48:45Z","2023-01-24T23:03:42Z","2023-01-24T23:03:42Z","0.01","2023-Q1"
"1359","JSON output for `wallet` commands","raphjaph","closed","true","wallet","2023-01-24T22:46:54Z","2023-01-25T00:11:50Z","2023-01-25T00:11:50Z","0.06","2023-Q1"
"1358","Release 0.4.2","casey","closed","true","other","2023-01-24T22:40:49Z","2023-01-24T22:50:54Z","2023-01-24T22:50:55Z","0.01","2023-Q1"
"1357","Fetch transactions below first inscription height","casey","closed","true","other","2023-01-24T22:26:54Z","2023-01-24T22:36:21Z","2023-01-24T22:36:21Z","0.01","2023-Q1"
"1356","Fix install script directory","casey","closed","true","fix","2023-01-24T21:50:35Z","2023-01-24T22:03:29Z","2023-01-24T22:03:29Z","0.01","2023-Q1"
"1355","Release 0.4.1","casey","closed","true","other","2023-01-24T20:56:19Z","2023-01-24T21:05:42Z","2023-01-24T21:05:42Z","0.01","2023-Q1"
"1354","Fix guide typo: getblockchount -> getblockcount","casey","closed","true","fix","2023-01-24T19:25:56Z","2023-01-24T21:56:45Z","2023-01-24T21:56:45Z","0.1","2023-Q1"
"1353","Improve list style","casey","closed","true","other","2023-01-24T06:42:29Z","2023-01-24T18:35:25Z","2023-01-24T18:35:25Z","0.5","2023-Q1"
"1352","Support PDF Inscriptions","casey","closed","true","feat","2023-01-24T05:10:56Z","2023-01-24T18:53:19Z","2023-01-24T18:53:19Z","0.57","2023-Q1"
"1349","Support video inscriptions","casey","closed","true","feat","2023-01-24T02:53:34Z","2023-01-24T19:08:01Z","2023-01-24T19:08:02Z","0.68","2023-Q1"
"1348","Improve timestamps","casey","closed","true","other","2023-01-24T02:40:33Z","2023-01-24T19:29:52Z","2023-01-24T19:29:52Z","0.7","2023-Q1"
"1347","Allow single tapping nav arrows on iOS Safari","casey","closed","true","other","2023-01-23T22:05:28Z","2023-01-24T19:21:59Z","2023-01-24T19:21:59Z","0.89","2023-Q1"
"1346","Don't process nav keys when search box is focused","casey","closed","true","other","2023-01-23T21:32:12Z","2023-01-24T19:17:23Z","2023-01-24T19:17:23Z","0.91","2023-Q1"
"1344","Enable pointer events on inscription page iframes","casey","closed","true","feat","2023-01-23T20:28:17Z","2023-01-23T21:03:26Z","2023-01-23T21:03:26Z","0.02","2023-Q1"
"1343","Hide list overflows and wrap dl overflows","raphjaph","closed","true","other","2023-01-23T20:26:46Z","2023-01-23T20:38:31Z","2023-01-23T20:38:31Z","0.01","2023-Q1"
"1342","Update inscriptions guide for mainnet","casey","closed","true","other","2023-01-23T19:50:27Z","2023-01-23T20:44:10Z","2023-01-23T20:44:10Z","0.04","2023-Q1"
"1341","`balance` only show cardinal output amounts","raphjaph","closed","true","wallet","2023-01-23T19:00:39Z","2023-01-23T19:25:01Z","2023-01-23T19:25:01Z","0.02","2023-Q1"
"1336","Display lost sats on /output","casey","closed","true","other","2023-01-23T01:35:10Z","2023-01-23T21:24:46Z","2023-01-23T21:24:46Z","0.83","2023-Q1"
"1329","Upgrade redb to 0.12.0","casey","closed","true","other","2023-01-22T06:55:54Z","2023-02-01T23:13:22Z","2023-02-01T23:13:23Z","10.68","2023-Q1"
"1325","Add white on black fish eye logo","casey","closed","true","feat","2023-01-22T05:10:21Z","2023-01-23T18:52:13Z","2023-01-23T18:52:14Z","1.57","2023-Q1"
"1321","Un-reverse thumbnail row order","casey","closed","true","other","2023-01-21T19:17:59Z","2023-01-23T18:45:54Z","2023-01-23T18:45:54Z","1.98","2023-Q1"
"1319","Deploy branches other than master to mainnet","casey","closed","true","other","2023-01-21T07:34:20Z","2023-01-23T18:35:33Z","2023-01-23T18:35:33Z","2.46","2023-Q1"
"1318","Add cache control headers to content responses","casey","closed","true","content","2023-01-21T07:18:45Z","2023-01-24T19:12:44Z","2023-01-24T19:12:44Z","3.5","2023-Q1"
"1313","Add Just recipe to deploy to all instances","casey","closed","true","feat","2023-01-20T22:10:14Z","2023-01-23T18:26:32Z","2023-01-23T18:26:33Z","2.84","2023-Q1"
"1312","Make genesis clock mark orange and add tooltip to height","casey","closed","true","feat","2023-01-20T21:41:50Z","2023-01-20T21:53:17Z","2023-01-20T21:53:18Z","0.01","2023-Q1"
"1311","Display newest thumbnails on right","casey","closed","true","other","2023-01-20T20:19:31Z","2023-01-20T22:11:07Z","2023-01-20T22:11:07Z","0.08","2023-Q1"
"1308","Show URLs in `wallet inscriptions`","raphjaph","closed","true","wallet","2023-01-20T18:58:02Z","2023-01-20T19:13:42Z","2023-01-20T19:13:42Z","0.01","2023-Q1"
"1307","Allow publishing arbitrary revisions with publish recipe","casey","closed","true","other","2023-01-20T18:40:36Z","2023-01-20T21:59:08Z","2023-01-20T21:59:08Z","0.14","2023-Q1"
"1302","Serve PNG favicon to Safari and SVG favicon to other browsers","casey","closed","true","other","2023-01-20T05:45:51Z","2023-01-20T18:41:17Z","2023-01-20T18:41:17Z","0.54","2023-Q1"
"1300","Use sans-serif font for height on clock","casey","closed","true","other","2023-01-19T23:28:54Z","2023-01-20T18:36:21Z","2023-01-20T18:36:21Z","0.8","2023-Q1"
"1299","Fuzz test building transactions with inscribed UTXOs in wallet","casey","closed","false","wallet","2023-01-19T22:19:30Z","","2023-08-22T21:52:31Z","214.98","2023-Q1"
"1296","Release 0.4.0","casey","closed","true","other","2023-01-19T20:29:42Z","2023-01-20T18:19:52Z","2023-01-20T18:19:53Z","0.91","2023-Q1"
"1294","Search bar supports inscription id","raphjaph","closed","true","other","2023-01-19T19:58:27Z","2023-01-19T20:09:12Z","2023-01-19T20:09:13Z","0.01","2023-Q1"
"1291","Fuzz test transaction builder with multiple UTXOs","casey","closed","true","test","2023-01-19T19:09:05Z","2023-01-19T19:20:18Z","2023-01-19T19:20:18Z","0.01","2023-Q1"
"1289","test that all examples show up in preview","raphjaph","closed","true","content","2023-01-19T16:43:56Z","2023-01-19T19:07:48Z","2023-01-19T19:07:48Z","0.1","2023-Q1"
"1287","Empty preview","casey","closed","true","content","2023-01-19T05:40:18Z","2023-01-19T18:24:27Z","2023-01-19T18:24:27Z","0.53","2023-Q1"
"1283","add fuzz testing for TransactionBuilder","raphjaph","closed","true","test","2023-01-18T22:08:52Z","2023-01-18T23:24:33Z","2023-01-18T23:24:34Z","0.05","2023-Q1"
"1281","Use a two-element array instead of a vec for change addresses","casey","closed","true","other","2023-01-18T20:30:09Z","2023-01-19T18:30:56Z","2023-01-19T18:30:56Z","0.92","2023-Q1"
"1279","Start working on paging through inscriptions","casey","closed","true","other","2023-01-18T07:52:37Z","2023-01-25T20:36:28Z","2023-01-25T20:36:28Z","7.53","2023-Q1"
"1273","Split into library and binary","casey","closed","true","other","2023-01-18T00:54:32Z","2023-01-18T18:12:34Z","2023-01-18T18:12:34Z","0.72","2023-Q1"
"1272","Bail inscribe if reveal transaction is too large","casey","closed","true","other","2023-01-18T00:43:23Z","2023-01-18T18:38:16Z","2023-01-18T18:38:16Z","0.75","2023-Q1"
"1270","Adopt Fish Eye logo","casey","closed","true","other","2023-01-17T22:59:19Z","2023-01-18T18:21:33Z","2023-01-18T18:21:33Z","0.81","2023-Q1"
"1268","increase polling frequency to 5sec","raphjaph","closed","true","other","2023-01-17T21:02:25Z","2023-01-17T21:18:25Z","2023-01-17T21:18:25Z","0.01","2023-Q1"
"1265","Add dry run flag","raphjaph","closed","true","cli","2023-01-17T19:07:45Z","2023-01-17T20:26:56Z","2023-01-17T20:26:56Z","0.05","2023-Q1"
"1260","Load wallet automatically 2.0","raphjaph","closed","true","wallet","2023-01-16T22:09:16Z","2023-01-16T22:13:54Z","2023-01-16T22:13:54Z","0","2023-Q1"
"1259","Run ignored tests in `ci` recipe","casey","closed","true","other","2023-01-16T20:43:15Z","2023-01-16T20:51:42Z","2023-01-16T20:51:42Z","0.01","2023-Q1"
"1253","Add logging","casey","closed","false","feat","2023-01-16T07:46:29Z","","2023-01-18T01:02:56Z","1.72","2023-Q1"
"1243","Improve error when preview fails to launch bitcoind","casey","closed","true","content","2023-01-16T01:44:38Z","2023-01-16T18:19:33Z","2023-01-16T18:19:34Z","0.69","2023-Q1"
"1242","Increase commit tx value to pay for reveal tx","casey","closed","true","other","2023-01-16T01:40:20Z","2023-01-17T22:20:32Z","2023-01-17T22:20:32Z","1.86","2023-Q1"
"1241","Support Audio","casey","closed","true","feat","2023-01-15T07:41:17Z","2023-01-16T18:34:50Z","2023-01-16T18:34:50Z","1.45","2023-Q1"
"1235","Add backlinks","casey","closed","true","feat","2023-01-15T01:29:16Z","2023-01-16T18:42:24Z","2023-01-16T18:42:24Z","1.72","2023-Q1"
"1234","Remove HTTP to HTTPS redirect implementation in favor of HAProxy","casey","closed","false","api","2023-01-15T00:55:13Z","","2023-01-16T18:16:54Z","1.72","2023-Q1"
"1232","Add index path to `ord info` output","casey","closed","true","indexer","2023-01-14T23:24:24Z","2023-01-16T18:56:04Z","2023-01-16T18:56:04Z","1.81","2023-Q1"
"1229","Add inscription feed","casey","closed","true","feat","2023-01-14T09:42:01Z","2023-01-18T18:32:24Z","2023-01-18T18:32:24Z","4.37","2023-Q1"
"1228","Link to /block from /sat","casey","closed","true","indexer","2023-01-14T08:48:37Z","2023-01-16T18:59:42Z","2023-01-16T18:59:42Z","2.42","2023-Q1"
"1227","Track lost sat ranges","casey","closed","true","other","2023-01-14T08:41:40Z","2023-01-16T19:09:07Z","2023-01-16T19:09:07Z","2.44","2023-Q1"
"1226","Rewrite BIP","casey","closed","true","other","2023-01-14T08:12:51Z","2023-01-16T19:40:58Z","2023-01-16T19:40:58Z","2.48","2023-Q1"
"1225","Document required Bitcoin Core version in inscription guide","casey","closed","true","other","2023-01-14T07:50:25Z","2023-01-16T19:16:13Z","2023-01-16T19:16:13Z","2.48","2023-Q1"
"1224","Make `ord wallet inscriptions` output JSON","casey","closed","true","wallet","2023-01-14T07:41:10Z","2023-01-16T19:20:27Z","2023-01-16T19:20:27Z","2.49","2023-Q1"
"1223","Implement entry for SatRange","casey","closed","false","feat","2023-01-14T07:24:36Z","","2023-01-16T19:06:45Z","2.49","2023-Q1"
"1222","Improve text rendering","casey","closed","true","other","2023-01-14T07:02:36Z","2023-01-16T19:35:09Z","2023-01-16T19:35:09Z","2.52","2023-Q1"
"1221","Improve page titles","casey","closed","true","other","2023-01-14T05:36:44Z","2023-01-16T19:52:36Z","2023-01-16T19:52:36Z","2.59","2023-Q1"
"1218","Allow right-click to save in image preview","casey","closed","true","content","2023-01-14T02:27:01Z","2023-01-16T19:57:34Z","2023-01-16T19:57:34Z","2.73","2023-Q1"
"1216","Set Strict-Transport-Security header","casey","closed","true","other","2023-01-14T02:19:42Z","2023-01-16T19:45:02Z","2023-01-16T19:45:02Z","2.73","2023-Q1"
"1215","Use mnemonics","casey","closed","true","other","2023-01-14T00:00:27Z","2023-01-16T20:02:12Z","2023-01-16T20:02:12Z","2.83","2023-Q1"
"1214","Ignore inscriptions on a given sat after the first","casey","closed","true","other","2023-01-13T23:38:33Z","2023-01-16T20:10:28Z","2023-01-16T20:10:28Z","2.86","2023-Q1"
"1213","Add warning to readme","casey","closed","true","docs","2023-01-13T20:35:39Z","2023-01-16T21:00:21Z","2023-01-16T21:00:21Z","3.02","2023-Q1"
"1210","Load wallet automatically","raphjaph","closed","true","wallet","2023-01-12T23:47:42Z","2023-01-16T22:03:46Z","2023-01-16T22:03:46Z","3.93","2023-Q1"
"1209","Don't check lockfile on CI","casey","closed","true","other","2023-01-12T23:44:07Z","2023-01-12T23:51:53Z","2023-01-12T23:51:53Z","0.01","2023-Q1"
"1208","Output inscription ID from `ord wallet inscribe`","casey","closed","true","wallet","2023-01-12T22:44:42Z","2023-01-12T23:45:23Z","2023-01-12T23:45:23Z","0.04","2023-Q1"
"1207","Allow arbitrary wallet name","raphjaph","closed","true","wallet","2023-01-12T22:08:03Z","2023-01-12T23:17:06Z","2023-01-12T23:17:06Z","0.05","2023-Q1"
"1201","Use distinct inscription IDs","casey","closed","true","other","2023-01-12T05:08:10Z","2023-01-12T20:50:52Z","2023-01-12T20:50:52Z","0.65","2023-Q1"
"1200","Display timestamp on /inscription","casey","closed","true","other","2023-01-12T03:03:01Z","2023-01-12T18:29:05Z","2023-01-12T18:29:05Z","0.64","2023-Q1"
"1199","Fix thumbnail links","casey","closed","true","fix","2023-01-12T01:41:29Z","2023-01-12T18:40:01Z","2023-01-12T18:40:01Z","0.71","2023-Q1"
"1198","Redirect HTTP to HTTPS","casey","closed","true","api","2023-01-11T23:02:57Z","2023-01-12T18:52:50Z","2023-01-12T18:52:50Z","0.83","2023-Q1"
"1197","Remove ordinal addresses","casey","closed","true","other","2023-01-11T20:27:01Z","2023-01-12T19:05:47Z","2023-01-12T19:05:47Z","0.94","2023-Q1"
"1193","Add previous and next links to inscription page","casey","closed","true","feat","2023-01-11T01:45:10Z","2023-01-11T19:51:49Z","2023-01-11T19:51:49Z","0.75","2023-Q1"
"1191","Test preview command on CI","casey","closed","true","content","2023-01-10T20:39:55Z","2023-01-16T20:22:40Z","2023-01-16T20:22:40Z","5.99","2023-Q1"
"1190","Check that additional envelopes and outputs are ignored","casey","closed","true","other","2023-01-10T03:18:32Z","2023-01-10T19:43:11Z","2023-01-10T19:43:11Z","0.68","2023-Q1"
"1187","Show address on inscription","casey","closed","true","other","2023-01-09T23:29:06Z","2023-01-10T20:12:14Z","2023-01-10T20:12:14Z","0.86","2023-Q1"
"1186","Use firewall","casey","closed","true","other","2023-01-09T22:57:04Z","2023-01-10T19:27:12Z","2023-01-10T19:27:12Z","0.85","2023-Q1"
"1185","Use mainnet in tests","casey","closed","true","other","2023-01-09T22:42:23Z","2023-01-09T23:41:57Z","2023-01-09T23:41:57Z","0.04","2023-Q1"
"1184","Use sat instead of satoshi throughout codebase","casey","closed","true","other","2023-01-09T22:23:01Z","2023-01-09T23:51:11Z","2023-01-09T23:51:11Z","0.06","2023-Q1"
"1183","Fix preview command","casey","closed","true","content","2023-01-09T22:04:27Z","2023-01-09T23:47:38Z","2023-01-09T23:47:39Z","0.07","2023-Q1"
"1182","Move wallet tests into submodules","casey","closed","true","wallet","2023-01-09T21:34:14Z","2023-01-09T21:49:35Z","2023-01-09T21:49:35Z","0.01","2023-Q1"
"1177","Update changelog","casey","closed","true","docs","2023-01-09T06:12:32Z","2023-01-09T20:26:18Z","2023-01-09T20:26:18Z","0.59","2023-Q1"
"1176","Link to /sat from /inscription","casey","closed","true","other","2023-01-09T06:01:26Z","2023-01-09T20:56:08Z","2023-01-09T20:56:08Z","0.62","2023-Q1"
"1175","Match inscription preview and site background color","casey","closed","true","content","2023-01-09T04:21:34Z","2023-01-09T20:35:40Z","2023-01-09T20:35:40Z","0.68","2023-Q1"
"1172","Use outpoint_to_value table","casey","closed","true","other","2023-01-07T08:24:11Z","2023-01-09T21:05:40Z","2023-01-09T21:05:40Z","2.53","2023-Q1"
"1171","Test that inscriptions must start with OP_FALSE","casey","closed","true","test","2023-01-07T07:19:11Z","2023-01-09T20:30:18Z","2023-01-09T20:30:18Z","2.55","2023-Q1"
"1170","Remove mainnet restrictions","casey","closed","true","other","2023-01-07T06:44:27Z","2023-01-09T18:13:00Z","2023-01-09T18:13:00Z","2.48","2023-Q1"
"1169","Use distinct inscription ID","casey","closed","false","other","2023-01-06T04:36:31Z","","2023-01-12T05:08:22Z","6.02","2023-Q1"
"1167","Downgrade redb: 0.11.0 → 0.10.0","casey","closed","false","other","2023-01-05T19:23:45Z","","2023-01-06T08:12:44Z","0.53","2023-Q1"
"1165","Digital Artifacts","casey","closed","true","other","2023-01-05T08:04:09Z","2023-01-16T20:19:21Z","2023-01-16T20:19:21Z","11.51","2023-Q1"
"1164","Remove mainnet ord-dev index","casey","closed","true","indexer","2023-01-05T06:58:09Z","2023-01-05T18:54:10Z","2023-01-05T18:54:10Z","0.5","2023-Q1"
"1163","Ordinal addresses","casey","closed","true","other","2023-01-05T03:10:11Z","2023-01-05T23:03:44Z","2023-01-05T23:03:44Z","0.83","2023-Q1"
"1162","Add links between output and inscription","casey","closed","true","feat","2023-01-05T01:25:11Z","2023-01-05T19:00:45Z","2023-01-05T19:00:45Z","0.73","2023-Q1"
"1158","create wallet with a taproot descriptor","raphjaph","closed","true","wallet","2023-01-03T23:57:24Z","2023-01-09T20:19:16Z","2023-01-09T20:19:16Z","5.85","2023-Q1"
"1152","Fix limit max","casey","closed","true","fix","2023-01-02T21:43:08Z","2023-01-02T22:32:51Z","2023-01-02T22:32:51Z","0.03","2023-Q1"
"1151","Remove inscriptions subcommand struct","casey","closed","true","cli","2023-01-02T21:34:19Z","2023-01-02T22:46:17Z","2023-01-02T22:46:17Z","0.05","2023-Q1"
"1150","Set fee","raphjaph","closed","true","wallet","2023-01-02T20:59:08Z","2023-01-12T19:19:06Z","2023-01-12T19:19:06Z","9.93","2023-Q1"
"1148","Rename `ord wallet utxos` → `ord wallet outputs`","casey","closed","true","wallet","2023-01-02T20:22:10Z","2023-01-02T22:36:03Z","2023-01-02T22:36:03Z","0.09","2023-Q1"
"1142","Swap arguments to ord wallet send","casey","closed","true","wallet","2023-01-02T08:17:44Z","2023-01-02T18:29:13Z","2023-01-02T18:29:13Z","0.42","2023-Q1"
"1137","Allow sending BTC","casey","closed","true","other","2022-12-31T22:47:51Z","2023-01-02T22:59:14Z","2023-01-02T22:59:14Z","2.01","2022-Q4"
"1136","Avoid push_scriptint","casey","closed","true","other","2022-12-31T22:10:52Z","2023-01-02T18:14:04Z","2023-01-02T18:14:04Z","1.84","2022-Q4"
"1135","Use InscriptionId in Reference","casey","closed","true","other","2022-12-31T21:18:30Z","2023-01-02T18:19:28Z","2023-01-02T18:19:28Z","1.88","2022-Q4"
"1132","Preview all inscriptions inside iframes","casey","closed","true","content","2022-12-31T01:34:17Z","2023-01-04T22:50:42Z","2023-01-04T22:50:42Z","4.89","2022-Q4"
"1127","Check schema version when opening database","casey","closed","true","other","2022-12-30T21:11:59Z","2023-01-04T20:24:54Z","2023-01-04T20:24:54Z","4.97","2022-Q4"
"1125","Fee-spent but unlost inscriptions","casey","closed","true","wallet","2022-12-30T09:15:38Z","2023-01-02T19:22:04Z","2023-01-02T19:22:04Z","3.42","2022-Q4"
"1124","Tweak homepage","casey","closed","true","other","2022-12-30T07:09:18Z","2023-01-02T20:05:10Z","2023-01-02T20:05:10Z","3.54","2022-Q4"
"1123","Make PageHtml generic over PageContent type","casey","closed","true","other","2022-12-30T06:02:46Z","2022-12-30T17:47:37Z","2022-12-30T17:47:37Z","0.49","2022-Q4"
"1122","Display alpha on mainnet","casey","closed","true","other","2022-12-30T05:54:57Z","2022-12-30T17:58:52Z","2022-12-30T17:58:52Z","0.5","2022-Q4"
"1120","Fix install script targets","casey","closed","true","fix","2022-12-30T02:43:44Z","2022-12-30T17:41:33Z","2022-12-30T17:41:33Z","0.62","2022-Q4"
"1110","Document Debian dependencies","casey","closed","true","other","2022-12-29T07:45:14Z","2022-12-29T18:09:11Z","2022-12-29T18:09:11Z","0.43","2022-Q4"
"1109","Add testnet first inscription height","casey","closed","true","feat","2022-12-29T07:19:40Z","2022-12-29T18:04:42Z","2022-12-29T18:04:42Z","0.45","2022-Q4"
"1108","Track inscription locations correctly","casey","closed","true","other","2022-12-29T06:49:17Z","2022-12-29T22:58:54Z","2022-12-29T22:58:54Z","0.67","2022-Q4"
"1107","Unrecognized even fields render inscriptions invalid","casey","closed","true","content","2022-12-29T06:17:59Z","2022-12-29T18:16:19Z","2022-12-29T18:16:19Z","0.5","2022-Q4"
"1106","Remove underline tex inscriptions on /sat","casey","closed","false","other","2022-12-29T05:30:53Z","","2023-01-04T22:59:05Z","6.73","2022-Q4"
"1103","Remove CORS headers","casey","closed","true","other","2022-12-28T00:53:43Z","2022-12-29T17:57:31Z","2022-12-29T17:57:31Z","1.71","2022-Q4"
"1102","Add short flags","casey","closed","true","feat","2022-12-27T01:10:10Z","2022-12-29T18:12:42Z","2022-12-29T18:12:42Z","2.71","2022-Q4"
"1100","Remove wrapping on text inscriptions","casey","closed","true","other","2022-12-27T00:12:50Z","2022-12-27T22:21:09Z","2022-12-27T22:21:09Z","0.92","2022-Q4"
"1099","Upgrade to redb 0.11.0","cberner","closed","true","other","2022-12-26T23:57:29Z","2022-12-27T01:14:32Z","2022-12-27T01:14:32Z","0.05","2022-Q4"
"1096","Add quickstart script for macos","casey","closed","true","feat","2022-12-26T20:31:53Z","2022-12-26T23:14:52Z","2022-12-26T23:14:52Z","0.11","2022-Q4"
"1095","Use unique inscription IDs","casey","closed","false","other","2022-12-25T23:07:21Z","","2023-01-06T04:36:47Z","11.23","2022-Q4"
"1090","Move templates into root module","casey","closed","true","other","2022-12-25T06:15:49Z","2022-12-26T18:05:57Z","2022-12-26T18:05:57Z","1.49","2022-Q4"
"1089","Add preview subcommand","casey","closed","true","content","2022-12-25T06:12:13Z","2022-12-30T17:50:48Z","2022-12-30T17:50:49Z","5.49","2022-Q4"
"1084","Remove text inscription anchor tag text decoration","casey","closed","true","other","2022-12-24T03:00:45Z","2022-12-26T18:20:30Z","2022-12-26T18:20:30Z","2.64","2022-Q4"
"1083","Add link to INSCRIPTIONS page from homepage nav","batcavekid","closed","false","feat","2022-12-24T00:19:16Z","","2022-12-24T00:34:47Z","0.01","2022-Q4"
"1079","White inscription text","casey","closed","true","other","2022-12-23T22:28:42Z","2022-12-26T18:08:50Z","2022-12-26T18:08:50Z","2.82","2022-Q4"
"1077","Display content on /inscriptions","casey","closed","true","content","2022-12-23T21:55:01Z","2022-12-26T18:13:24Z","2022-12-26T18:13:24Z","2.85","2022-Q4"
"1075","use local copy","raphjaph","closed","false","other","2022-12-23T20:21:51Z","","2022-12-29T23:18:24Z","6.12","2022-Q4"
"1072","#[cfg(test)] only works for unit tests","raphjaph","closed","false","test","2022-12-23T16:23:10Z","","2022-12-26T21:26:25Z","3.21","2022-Q4"
"1067","Add content-encoding","casey","closed","false","content","2022-12-23T05:47:49Z","","2023-01-14T05:55:19Z","22.01","2022-Q4"
"1058","Show text inscriptions on homepage","casey","closed","true","other","2022-12-22T23:30:49Z","2022-12-23T19:08:40Z","2022-12-23T19:08:40Z","0.82","2022-Q4"
"1056","Wrap text inscriptions","casey","closed","false","other","2022-12-22T22:51:42Z","","2022-12-23T19:10:59Z","0.85","2022-Q4"
"1054","Add white background to inscription content","casey","closed","true","content","2022-12-22T21:06:33Z","2022-12-23T18:49:44Z","2022-12-23T18:49:44Z","0.9","2022-Q4"
"1049","add option to transaction-list command to specify count","rot13maxi","closed","true","cli","2022-12-22T03:33:19Z","2023-01-02T19:44:36Z","2023-01-02T19:44:36Z","11.67","2022-Q4"
"1048","Check core version before attempting inscription.","rot13maxi","closed","true","other","2022-12-22T03:21:40Z","2022-12-31T08:01:45Z","2022-12-31T08:01:45Z","9.19","2022-Q4"
"1047","add balance command","rot13maxi","closed","true","wallet","2022-12-22T02:50:33Z","2022-12-23T22:38:40Z","2022-12-23T22:38:40Z","1.83","2022-Q4"
"1035","Support SVG and HTML inscriptions","casey","closed","true","feat","2022-12-21T05:48:42Z","2022-12-22T20:47:26Z","2022-12-22T20:47:26Z","1.62","2022-Q4"
"1029","Show location of rare sats on /sat","casey","closed","true","other","2022-12-21T00:40:26Z","2022-12-22T20:01:23Z","2022-12-22T20:01:23Z","1.81","2022-Q4"
"1026","add genesis height","raphjaph","closed","true","feat","2022-12-20T20:09:50Z","2022-12-20T20:14:12Z","2022-12-20T20:14:12Z","0","2022-Q4"
"1025","Improve inscription style","casey","closed","true","other","2022-12-20T19:58:30Z","2022-12-20T21:32:47Z","2022-12-20T21:32:47Z","0.07","2022-Q4"
"1022","Improve ord-dev recipes","casey","closed","true","other","2022-12-20T18:37:07Z","2022-12-20T20:18:03Z","2022-12-20T20:18:03Z","0.07","2022-Q4"
"1020","Support more image content types","casey","closed","true","content","2022-12-20T03:26:14Z","2022-12-20T18:26:02Z","2022-12-20T18:26:02Z","0.62","2022-Q4"
"1018","Style latest inscriptions","casey","closed","true","other","2022-12-20T00:00:14Z","2022-12-20T18:30:30Z","2022-12-20T18:30:30Z","0.77","2022-Q4"
"1017","Display inscription content above metadata","casey","closed","true","content","2022-12-19T23:25:29Z","2022-12-20T18:35:02Z","2022-12-20T18:35:02Z","0.8","2022-Q4"
"1016","Add first signet inscription height","casey","closed","true","feat","2022-12-19T23:18:55Z","2022-12-20T21:48:36Z","2022-12-20T21:48:36Z","0.94","2022-Q4"
"1015","Print server URL on startup","casey","closed","true","api","2022-12-19T23:08:01Z","2022-12-20T18:21:04Z","2022-12-20T18:21:04Z","0.8","2022-Q4"
"1013","Add gif support","raphjaph","closed","true","feat","2022-12-19T22:21:17Z","2022-12-20T00:19:03Z","2022-12-20T00:19:03Z","0.08","2022-Q4"
"1011","Order inscriptions","casey","closed","true","other","2022-12-19T21:44:03Z","2022-12-19T22:12:25Z","2022-12-19T22:12:25Z","0.02","2022-Q4"
"1010","add preview image for inscription page","raphjaph","closed","true","content","2022-12-19T21:30:29Z","2022-12-19T22:20:17Z","2022-12-19T22:20:17Z","0.03","2022-Q4"
"1009","inscriptions page","raphjaph","closed","true","other","2022-12-19T19:56:21Z","2022-12-19T20:14:27Z","2022-12-19T20:14:27Z","0.01","2022-Q4"
"1008","Filter images","casey","closed","true","other","2022-12-19T19:21:51Z","2022-12-19T20:43:14Z","2022-12-19T20:43:14Z","0.06","2022-Q4"
"1004","Rename `ord wallet satoshis` to `ord wallet sats`","casey","closed","true","wallet","2022-12-18T01:46:55Z","2022-12-19T18:46:55Z","2022-12-19T18:46:55Z","1.71","2022-Q4"
"1002","Don't request transactions if below first inscription height","casey","closed","true","other","2022-12-17T19:22:51Z","2022-12-19T18:52:02Z","2022-12-19T18:52:02Z","1.98","2022-Q4"
"1001","add a flag to see all sats in your wallet, even the common ones","rot13maxi","closed","false","wallet","2022-12-17T15:28:40Z","","2022-12-18T14:27:26Z","0.96","2022-Q4"
"1000","Update introduction.md","batcavekid","closed","true","other","2022-12-17T14:17:02Z","2022-12-17T21:37:08Z","2022-12-17T21:37:08Z","0.31","2022-Q4"
"999","fix css","raphjaph","closed","true","fix","2022-12-17T13:36:29Z","2022-12-17T19:25:20Z","2022-12-17T19:25:20Z","0.24","2022-Q4"
"996","see latest inscriptions on home page","raphjaph","closed","true","other","2022-12-16T21:27:02Z","2022-12-16T22:42:19Z","2022-12-16T22:42:19Z","0.05","2022-Q4"
"995","Add link to docs in readme","casey","closed","true","docs","2022-12-16T21:12:32Z","2022-12-16T22:32:43Z","2022-12-16T22:32:43Z","0.06","2022-Q4"
"994","Add inscription docs","casey","closed","true","feat","2022-12-16T21:01:20Z","2022-12-16T21:11:22Z","2022-12-16T21:11:22Z","0.01","2022-Q4"
"993","Rename --index-satoshis → --index-sats","casey","closed","true","indexer","2022-12-16T20:07:34Z","2022-12-16T21:03:31Z","2022-12-16T21:03:31Z","0.04","2022-Q4"
"992","Fix softprops/actions-gh-release version","casey","closed","true","fix","2022-12-16T19:38:43Z","2022-12-16T19:42:34Z","2022-12-16T19:42:34Z","0","2022-Q4"
"988","Release 0.3.0","casey","closed","true","other","2022-12-16T19:09:19Z","2022-12-16T19:30:03Z","2022-12-16T19:30:03Z","0.01","2022-Q4"
"986","Update actions deps","casey","closed","true","other","2022-12-16T18:55:47Z","2022-12-16T19:17:16Z","2022-12-16T19:17:16Z","0.01","2022-Q4"
"979","Sats are the standard","casey","closed","true","other","2022-12-15T23:35:41Z","2022-12-16T18:32:38Z","2022-12-16T18:32:38Z","0.79","2022-Q4"
"976","Content endpoint","casey","closed","true","api","2022-12-15T02:09:24Z","2022-12-16T19:02:22Z","2022-12-16T19:02:22Z","1.7","2022-Q4"
"975","Display content type and size on inscription page","casey","closed","true","content","2022-12-15T00:56:20Z","2022-12-16T18:49:30Z","2022-12-16T18:49:30Z","1.75","2022-Q4"
"969","Release 0.2.1","casey","closed","true","other","2022-12-14T21:17:30Z","2022-12-14T21:24:36Z","2022-12-14T21:24:36Z","0","2022-Q4"
"968","Revise guide after mainnet walkthrough","casey","closed","true","other","2022-12-14T21:07:44Z","2022-12-14T21:14:01Z","2022-12-14T21:14:01Z","0","2022-Q4"
"962","Release 0.2.0","casey","closed","true","other","2022-12-14T00:10:54Z","2022-12-14T18:32:25Z","2022-12-14T18:32:25Z","0.76","2022-Q4"
"961","Add chain flags","casey","closed","true","indexer","2022-12-13T22:02:46Z","2022-12-13T22:48:28Z","2022-12-13T22:48:28Z","0.03","2022-Q4"
"959","Turn off `serde_json` `arbitrary_precision` feature","casey","closed","false","other","2022-12-13T21:16:52Z","","2022-12-13T22:29:58Z","0.05","2022-Q4"
"958","Add command to create new wallet","casey","closed","true","wallet","2022-12-13T18:43:43Z","2022-12-13T22:55:13Z","2022-12-13T22:55:13Z","0.17","2022-Q4"
"956","Make instruction parsing field agnostic","casey","closed","true","other","2022-12-13T05:29:46Z","2022-12-13T22:43:53Z","2022-12-13T22:43:53Z","0.72","2022-Q4"
"955","Update dependencies","casey","closed","true","other","2022-12-12T22:09:14Z","2022-12-12T22:52:23Z","2022-12-12T22:52:23Z","0.03","2022-Q4"
"954","Show inscription on reveal transaction page","casey","closed","true","other","2022-12-12T21:27:21Z","2022-12-12T22:45:53Z","2022-12-12T22:45:53Z","0.05","2022-Q4"
"953","Mention that wallets do not need to be loaded after being created","casey","closed","true","other","2022-12-12T20:08:18Z","2022-12-12T22:39:36Z","2022-12-12T22:39:36Z","0.11","2022-Q4"
"952","Add install script instructions to guide and readme","casey","closed","true","docs","2022-12-12T19:58:19Z","2022-12-12T22:35:06Z","2022-12-12T22:35:06Z","0.11","2022-Q4"
"951","see pending transactions made to ord wallet","raphjaph","closed","true","wallet","2022-12-12T19:47:47Z","2022-12-13T22:31:12Z","2022-12-13T22:31:12Z","1.11","2022-Q4"
"950","Make homepage clearer and more concise","casey","closed","true","other","2022-12-12T19:23:18Z","2022-12-12T19:30:23Z","2022-12-12T19:30:23Z","0","2022-Q4"
"948","Mention incentive to run full nodes in FAQ","casey","closed","true","other","2022-12-12T18:55:08Z","2022-12-12T18:58:45Z","2022-12-12T18:58:45Z","0","2022-Q4"
"945","Add content to guides page","casey","closed","true","content","2022-12-11T04:14:49Z","2022-12-12T19:03:23Z","2022-12-12T19:03:23Z","1.62","2022-Q4"
"944","Expand the FAQ","casey","closed","true","other","2022-12-11T03:20:42Z","2022-12-12T18:51:15Z","2022-12-12T18:51:15Z","1.65","2022-Q4"
"942","Change --index-ordinals to --index-satoshis","casey","closed","true","indexer","2022-12-11T01:01:31Z","2022-12-12T18:39:58Z","2022-12-12T18:39:58Z","1.74","2022-Q4"
"941","Build releases for arm","casey","closed","true","other","2022-12-10T11:04:16Z","2022-12-12T18:13:50Z","2022-12-12T18:13:50Z","2.3","2022-Q4"
"940","Add install script","casey","closed","true","feat","2022-12-10T11:01:47Z","2022-12-12T18:18:29Z","2022-12-12T18:18:29Z","2.3","2022-Q4"
"938","Improve sales pitch wording","casey","closed","true","other","2022-12-10T02:00:23Z","2022-12-12T18:35:01Z","2022-12-12T18:35:01Z","2.69","2022-Q4"
"935","Merge CI workflows","casey","closed","true","other","2022-12-09T20:46:00Z","2022-12-12T18:24:05Z","2022-12-12T18:24:05Z","2.9","2022-Q4"
"934","Add help strings to subcommands","casey","closed","true","feat","2022-12-09T20:41:33Z","2022-12-12T18:28:48Z","2022-12-12T18:28:48Z","2.91","2022-Q4"
"919","allow inscribing without specifying satpoint","raphjaph","closed","true","other","2022-12-08T21:24:25Z","2022-12-08T22:54:44Z","2022-12-08T22:54:44Z","0.06","2022-Q4"
"917","allow listing inscriptions in wallet","raphjaph","closed","true","wallet","2022-12-08T19:26:26Z","2022-12-08T19:34:48Z","2022-12-08T19:34:48Z","0.01","2022-Q4"
"912","Add inscription guide","casey","closed","true","feat","2022-12-07T22:56:50Z","2022-12-08T23:57:26Z","2022-12-08T23:57:26Z","1.04","2022-Q4"
"911","list utxos in wallet","raphjaph","closed","true","wallet","2022-12-07T22:50:50Z","2022-12-07T22:55:46Z","2022-12-07T22:55:46Z","0","2022-Q4"
"909","receive inscriptions and sats to wallet","raphjaph","closed","true","wallet","2022-12-07T21:59:54Z","2022-12-07T22:15:12Z","2022-12-07T22:15:12Z","0.01","2022-Q4"
"908","Fix signet block explorer link","casey","closed","true","indexer","2022-12-07T21:14:36Z","2022-12-07T22:08:26Z","2022-12-07T22:08:26Z","0.04","2022-Q4"
"903","Avoid `as` conversions","casey","closed","true","other","2022-12-07T20:00:45Z","2022-12-07T20:20:51Z","2022-12-07T20:20:51Z","0.01","2022-Q4"
"901","Opt wallet transactions into RBF","casey","closed","true","wallet","2022-12-07T19:09:09Z","2022-12-07T20:28:39Z","2022-12-07T20:28:39Z","0.06","2022-Q4"
"898","Only send inscriptions by inscription ID","casey","closed","true","wallet","2022-12-06T22:02:09Z","2022-12-06T22:24:53Z","2022-12-06T22:24:53Z","0.02","2022-Q4"
"897","Extend bounty 3 to end of the third halvening","casey","closed","true","other","2022-12-06T21:06:45Z","2022-12-06T22:14:54Z","2022-12-06T22:14:54Z","0.05","2022-Q4"
"896","Set size limit to 1024 on signet and testnet","casey","closed","true","other","2022-12-06T20:32:49Z","2022-12-06T22:18:27Z","2022-12-06T22:18:27Z","0.07","2022-Q4"
"894","Update dependencies","casey","closed","true","other","2022-12-06T19:17:42Z","2022-12-06T19:29:32Z","2022-12-06T19:29:32Z","0.01","2022-Q4"
"892","Make inscription type more flexible","casey","closed","true","other","2022-12-06T07:02:03Z","2022-12-06T19:38:47Z","2022-12-06T19:38:47Z","0.53","2022-Q4"
"888","Make inscriptions extensible","casey","closed","true","other","2022-12-05T21:40:24Z","2022-12-05T22:19:04Z","2022-12-05T22:19:04Z","0.03","2022-Q4"
"885","Save reveal priv key","raphjaph","closed","true","other","2022-12-05T10:57:28Z","2022-12-07T20:08:43Z","2022-12-07T20:08:43Z","2.38","2022-Q4"
"881","do not accidentally send inscription","raphjaph","closed","true","wallet","2022-12-02T15:15:05Z","2022-12-05T21:46:57Z","2022-12-05T21:46:57Z","3.27","2022-Q4"
"880","refuse to inscribe already inscribed utxo","raphjaph","closed","true","wallet","2022-12-02T14:09:08Z","2022-12-05T22:33:03Z","2022-12-05T22:33:03Z","3.35","2022-Q4"
"878","refuse to reinscribe sats","raphjaph","closed","true","other","2022-12-01T22:23:08Z","2022-12-01T22:32:28Z","2022-12-01T22:32:28Z","0.01","2022-Q4"
"877","Send by inscription ID","casey","closed","true","wallet","2022-12-01T21:53:53Z","2022-12-01T22:21:37Z","2022-12-01T22:21:37Z","0.02","2022-Q4"
"875","Test commands which return errors when not tracking rare ordinals","casey","closed","true","test","2022-12-01T21:34:55Z","2022-12-01T22:15:33Z","2022-12-01T22:15:33Z","0.03","2022-Q4"
"874","Make ord info work without ordinal index","casey","closed","true","indexer","2022-12-01T20:44:50Z","2022-12-01T21:19:57Z","2022-12-01T21:19:57Z","0.02","2022-Q4"
"872","Don't store inscriptions in database","casey","closed","true","other","2022-12-01T20:16:55Z","2022-12-01T21:26:41Z","2022-12-01T21:26:41Z","0.05","2022-Q4"
"867","Rename things","casey","closed","true","other","2022-11-30T23:53:08Z","2022-12-01T19:50:36Z","2022-12-01T19:50:36Z","0.83","2022-Q4"
"866","Calculate txids in background thread","casey","closed","true","other","2022-11-30T23:28:00Z","2022-12-01T19:42:11Z","2022-12-01T19:42:11Z","0.84","2022-Q4"
"860","track inscription satpoints","raphjaph","closed","true","other","2022-11-30T19:19:09Z","2022-11-30T22:41:08Z","2022-11-30T22:41:08Z","0.14","2022-Q4"
"859","Add type aliases for array types","casey","closed","true","feat","2022-11-30T19:12:37Z","2022-11-30T19:18:13Z","2022-11-30T19:18:13Z","0","2022-Q4"
"857","Index inscriptions","casey","closed","true","indexer","2022-11-29T20:55:50Z","2022-11-29T21:30:01Z","2022-11-29T21:30:01Z","0.02","2022-Q4"
"851","Only request transactions when building ordinal index","casey","closed","true","indexer","2022-11-25T20:32:09Z","2022-11-28T18:33:22Z","2022-11-28T18:33:22Z","2.92","2022-Q4"
"850","Make analyzing index easier","casey","closed","true","indexer","2022-11-25T20:06:42Z","2022-11-25T20:12:42Z","2022-11-25T20:12:42Z","0","2022-Q4"
"849","refactor `send` to use satpoints instead of ranges","raphjaph","closed","true","wallet","2022-11-25T17:56:56Z","2022-11-29T19:58:00Z","2022-11-29T19:58:00Z","4.08","2022-Q4"
"848","`ord wallet list` -> `ord list-ranges <OUTPOINT>`","raphjaph","closed","true","wallet","2022-11-25T16:52:24Z","2022-11-25T19:44:46Z","2022-11-25T19:44:46Z","0.12","2022-Q4"
"847","Fix windows tests","casey","closed","false","fix","2022-11-25T06:14:29Z","","2022-11-25T06:38:40Z","0.02","2022-Q4"
"846","Enable Windows tests on CI","casey","closed","true","feat","2022-11-25T06:04:12Z","2022-12-05T17:23:38Z","2022-12-05T17:23:38Z","10.47","2022-Q4"
"845","Disable features that require ordinal index when not present","casey","closed","true","indexer","2022-11-25T04:13:37Z","2022-11-25T18:58:10Z","2022-11-25T18:58:10Z","0.61","2022-Q4"
"837","Only index ordinals if `--index-ordinals` is passed","casey","closed","true","indexer","2022-11-24T20:15:18Z","2022-11-24T20:44:42Z","2022-11-24T20:44:42Z","0.02","2022-Q4"
"836","Compress downloaded logs","casey","closed","true","other","2022-11-24T18:06:36Z","2022-11-24T20:54:56Z","2022-11-24T20:54:56Z","0.12","2022-Q4"
"835","Do not select inscribed sats as cardinal utxos","raphjaph","closed","true","other","2022-11-24T11:02:36Z","2022-12-01T21:23:19Z","2022-12-01T21:23:19Z","7.43","2022-Q4"
"832","Update redb to version that doesn't zero freed pages","casey","closed","true","other","2022-11-23T21:21:55Z","2022-11-24T21:36:22Z","2022-11-24T21:36:22Z","1.01","2022-Q4"
"831","Add build-snapshots recipe","casey","closed","true","feat","2022-11-22T22:40:00Z","2022-11-22T22:53:13Z","2022-11-22T22:53:13Z","0.01","2022-Q4"
"830","Abort update if at unexpected height","casey","closed","true","other","2022-11-22T21:23:11Z","2022-11-22T21:52:49Z","2022-11-22T21:52:49Z","0.02","2022-Q4"
"829","Add minimum system requirements to readme","casey","closed","true","docs","2022-11-22T20:22:47Z","2022-11-22T21:56:43Z","2022-11-22T21:56:43Z","0.07","2022-Q4"
"827","Add benchmark-revision recipe","casey","closed","true","feat","2022-11-22T18:56:38Z","2022-11-22T19:51:16Z","2022-11-22T19:51:16Z","0.04","2022-Q4"
"826","Record commit start block count and timestamp","casey","closed","true","indexer","2022-11-22T05:54:44Z","2022-11-23T20:18:47Z","2022-11-23T20:18:47Z","1.6","2022-Q4"
"823","Update dependencies","casey","closed","true","other","2022-11-21T19:47:07Z","2022-11-21T21:46:47Z","2022-11-21T21:46:47Z","0.08","2022-Q4"
"821","Don't create tables when reopening database","casey","closed","false","other","2022-11-21T18:50:06Z","","2022-11-22T06:22:18Z","0.48","2022-Q4"
"820","Retry get_block_hash as well as get_block","casey","closed","true","other","2022-11-21T18:29:09Z","2022-11-21T21:56:11Z","2022-11-21T21:56:12Z","0.14","2022-Q4"
"817","add very simple inscription page","raphjaph","closed","true","feat","2022-11-18T00:01:26Z","2022-11-21T19:53:24Z","2022-11-21T19:53:24Z","3.83","2022-Q4"
"814","Disable inscriptions on mainnet","casey","closed","true","other","2022-11-17T21:02:33Z","2022-11-17T21:07:14Z","2022-11-17T21:07:14Z","0","2022-Q4"
"810","Benchmark recipe","casey","closed","true","other","2022-11-16T21:10:38Z","2022-11-16T22:50:05Z","2022-11-16T22:50:05Z","0.07","2022-Q4"
"809","Display chain in header","casey","closed","true","indexer","2022-11-16T20:27:22Z","2022-11-16T20:37:49Z","2022-11-16T20:37:49Z","0.01","2022-Q4"
"800","Inscribe png and text","raphjaph","closed","true","other","2022-11-15T23:31:05Z","2022-11-17T21:44:28Z","2022-11-17T21:44:28Z","1.93","2022-Q4"
"780","Deduct fee before calculating signature","casey","closed","true","wallet","2022-11-14T20:47:23Z","2022-11-14T20:51:48Z","2022-11-14T20:51:49Z","0","2022-Q4"
"764","Remove redundant wallet balance check","casey","closed","true","wallet","2022-11-03T21:06:04Z","2022-11-14T19:59:13Z","2022-11-14T19:59:13Z","10.95","2022-Q4"
"763","don't send marked ordinals","raphjaph","closed","false","wallet","2022-11-02T21:12:06Z","","2022-11-15T23:53:10Z","13.11","2022-Q4"
"760","Remove outdated rune functionality","casey","closed","true","runes","2022-11-02T18:14:16Z","2022-11-02T18:29:51Z","2022-11-02T18:29:51Z","0.01","2022-Q4"
"759","Prevent progress bar from flickering when synced","casey","closed","true","other","2022-11-02T17:59:05Z","2022-11-02T18:26:17Z","2022-11-02T18:26:17Z","0.02","2022-Q4"
"756","Track ordinal ranges","casey","closed","true","other","2022-11-01T19:31:26Z","2022-11-01T19:37:32Z","2022-11-01T19:37:32Z","0","2022-Q4"
"755","Fix graph command to work with new format","casey","closed","true","cli","2022-11-01T18:49:55Z","2022-11-02T17:12:14Z","2022-11-02T17:12:14Z","0.93","2022-Q4"
"754","Use HTTP connection reusing `rust-jsonrpc`","casey","closed","true","api","2022-11-01T17:35:28Z","2022-11-01T17:41:23Z","2022-11-01T17:41:23Z","0","2022-Q4"
"753","Extend bounty 3 by one difficulty adjustment period","casey","closed","true","other","2022-10-31T17:31:24Z","2022-10-31T17:43:53Z","2022-10-31T17:43:53Z","0.01","2022-Q4"
"750","Show difficulty target on block page","casey","closed","true","indexer","2022-10-31T03:27:06Z","2022-11-16T19:44:08Z","2022-11-16T19:44:08Z","16.68","2022-Q4"
"748","Fix get_block_with_retries by retrying both get_block_hash and get_block","veryordinally","closed","false","fix","2022-10-29T09:18:40Z","","2022-11-01T17:27:19Z","3.34","2022-Q4"
"729","Search from TSV in ord wallet identify","raphjaph","closed","true","wallet","2022-10-28T20:12:06Z","2022-10-29T22:01:05Z","2022-10-29T22:01:06Z","1.08","2022-Q4"
"728","Split test and lint","casey","closed","true","test","2022-10-28T19:14:35Z","2022-10-28T19:49:17Z","2022-10-28T19:49:17Z","0.02","2022-Q4"
"727","Don't create acme cache dir","casey","closed","true","other","2022-10-28T18:25:15Z","2022-10-28T19:59:53Z","2022-10-28T19:59:53Z","0.07","2022-Q4"
"725","Bounty 3","casey","closed","true","other","2022-10-27T22:29:49Z","2022-10-28T17:38:31Z","2022-10-28T17:38:31Z","0.8","2022-Q4"
"723","Replace binary search with linear search for epoch construction","veryordinally","closed","true","other","2022-10-27T20:26:20Z","2022-10-31T17:20:59Z","2022-10-31T17:20:59Z","3.87","2022-Q4"
"722","update roadmap progress","raphjaph","closed","true","other","2022-10-27T19:46:35Z","2022-10-27T19:49:38Z","2022-10-27T19:49:38Z","0","2022-Q4"
"719","Don't call `apt-get update` in CI workflow","casey","closed","true","other","2022-10-27T19:42:02Z","2022-10-27T19:58:20Z","2022-10-27T19:58:20Z","0.01","2022-Q4"
"718","Remove old recipes from justfile","casey","closed","true","other","2022-10-27T19:40:00Z","2022-10-27T19:52:36Z","2022-10-27T19:52:36Z","0.01","2022-Q4"
"712","Release 0.1.0","casey","closed","true","other","2022-10-25T21:36:14Z","2022-10-25T21:44:19Z","2022-10-25T21:44:19Z","0.01","2022-Q4"
"710","Release 0.0.6","casey","closed","true","other","2022-10-25T17:20:00Z","2022-10-25T17:31:23Z","2022-10-25T17:31:23Z","0.01","2022-Q4"
"707","Switch to ord-bitcoincore-rpc","casey","closed","true","other","2022-10-24T21:31:47Z","2022-10-24T21:50:07Z","2022-10-24T21:50:07Z","0.01","2022-Q4"
"703","Speeding up indexing by exploiting temporal locality of UTXO use.","veryordinally","closed","true","wallet","2022-10-23T21:56:06Z","2022-10-25T21:24:03Z","2022-10-25T21:24:03Z","1.98","2022-Q4"
"702","Make index faster by faster checking for uncommon or more rare ordinals","veryordinally","closed","true","indexer","2022-10-23T21:14:45Z","2022-10-25T18:21:47Z","2022-10-25T18:21:47Z","1.88","2022-Q4"
"700","Note in docs that bounty 2 has been claimed","casey","closed","true","other","2022-10-23T20:00:11Z","2022-10-23T20:02:19Z","2022-10-23T20:02:19Z","0","2022-Q4"
"698","Ensure that send addressess are valid for current network","casey","closed","true","wallet","2022-10-23T08:53:32Z","2022-10-24T18:00:07Z","2022-10-24T18:00:07Z","1.38","2022-Q4"
"696","Link to videos from the docs introduction page","casey","closed","true","other","2022-10-23T01:52:50Z","2022-10-24T17:08:18Z","2022-10-24T17:08:18Z","1.64","2022-Q4"
"694","Improve progress bar","casey","closed","true","other","2022-10-21T19:48:42Z","2022-10-24T16:57:27Z","2022-10-24T16:57:27Z","2.88","2022-Q4"
"693","Lowercase error messages","raphjaph","closed","true","other","2022-10-21T19:20:15Z","2022-10-24T19:15:58Z","2022-10-24T19:15:58Z","3","2022-Q4"
"687","Restrict use of send with mainnet wallets","casey","closed","true","wallet","2022-10-21T18:04:45Z","2022-10-24T16:59:46Z","2022-10-24T16:59:46Z","2.95","2022-Q4"
"685","disable RBF","raphjaph","closed","true","other","2022-10-21T17:29:39Z","2022-10-21T18:00:07Z","2022-10-21T18:00:07Z","0.02","2022-Q4"
"683","refuse to send if other rare ordinals would also be sent to recipient or fee","raphjaph","closed","true","wallet","2022-10-20T20:30:47Z","2022-10-20T21:05:49Z","2022-10-20T21:05:49Z","0.02","2022-Q4"
"682","Add output address invariants","casey","closed","true","feat","2022-10-20T19:25:44Z","2022-10-20T20:41:47Z","2022-10-20T20:41:47Z","0.05","2022-Q4"
"681","Use worst-case fee estimates","casey","closed","true","wallet","2022-10-20T19:15:18Z","2022-10-20T20:37:39Z","2022-10-20T20:37:39Z","0.06","2022-Q4"
"680","Don't use UTXOs with rare ordinals as cardinal inputs","casey","closed","true","other","2022-10-20T04:44:29Z","2022-10-20T17:05:42Z","2022-10-20T17:05:42Z","0.51","2022-Q4"
"679","Add helpers to make transaction builder tests more concise","casey","closed","true","feat","2022-10-20T04:32:11Z","2022-10-20T17:32:59Z","2022-10-20T17:32:59Z","0.54","2022-Q4"
"678","Add encoding declaration to clock SVG","casey","closed","true","feat","2022-10-20T03:35:22Z","2022-10-20T17:39:36Z","2022-10-20T17:39:36Z","0.59","2022-Q4"
"675","Improve not enough cardinal UTXOs error message","casey","closed","true","other","2022-10-19T22:22:01Z","2022-10-19T22:24:17Z","2022-10-19T22:24:17Z","0","2022-Q4"
"674","Pad initial output if below dust limit","casey","closed","true","other","2022-10-19T21:40:10Z","2022-10-19T22:09:07Z","2022-10-19T22:09:07Z","0.02","2022-Q4"
"673","Increment progress bar by height","casey","closed","true","other","2022-10-19T21:39:35Z","2022-10-19T22:00:36Z","2022-10-19T22:00:36Z","0.01","2022-Q4"
"671","Add additional postage when necessary","casey","closed","true","feat","2022-10-19T20:00:00Z","2022-10-19T20:40:38Z","2022-10-19T20:40:39Z","0.03","2022-Q4"
"669","Check that transaction fees are reasonable","casey","closed","true","other","2022-10-18T23:26:43Z","2022-10-19T17:28:41Z","2022-10-19T17:28:41Z","0.75","2022-Q4"
"668","Draw progress bar when indexing","casey","closed","true","other","2022-10-18T19:22:09Z","2022-10-19T02:26:28Z","2022-10-19T02:26:28Z","0.29","2022-Q4"
"666","align ordinal to be first in recipient output","raphjaph","closed","true","other","2022-10-18T18:18:51Z","2022-10-18T21:21:16Z","2022-10-18T21:21:16Z","0.13","2022-Q4"
"664","changed fee rate","raphjaph","closed","true","wallet","2022-10-17T19:54:27Z","2022-10-17T19:57:08Z","2022-10-17T19:57:08Z","0","2022-Q4"
"663","Add doc-comment to transaction builder","casey","closed","true","docs","2022-10-17T19:50:09Z","2022-10-17T20:01:18Z","2022-10-17T20:01:19Z","0.01","2022-Q4"
"662","stripping excess postage","raphjaph","closed","true","other","2022-10-17T13:43:49Z","2022-10-17T19:32:22Z","2022-10-17T19:32:22Z","0.24","2022-Q4"
"661","Improve transaction builder checks","casey","closed","true","other","2022-10-17T00:32:20Z","2022-10-17T17:05:47Z","2022-10-17T17:05:47Z","0.69","2022-Q4"
"660","Use redb's two-phase write strategy in production","casey","closed","true","other","2022-10-16T03:34:30Z","2022-10-17T16:58:59Z","2022-10-17T16:58:59Z","1.56","2022-Q4"
"658","Add `ord wallet inscribe`","casey","closed","true","wallet","2022-10-14T18:59:59Z","2022-11-14T19:41:59Z","2022-11-14T19:42:00Z","31.03","2022-Q4"
"657","Replace `Result<()>` with `Result`","casey","closed","true","other","2022-10-14T18:50:33Z","2022-10-14T18:54:06Z","2022-10-14T18:54:06Z","0","2022-Q4"
"656","Download logs to tempdir","casey","closed","true","other","2022-10-14T17:55:43Z","2022-10-17T17:08:27Z","2022-10-17T17:08:27Z","2.97","2022-Q4"
"655","pay fees possible if fees do not consume the ordinal","raphjaph","closed","true","other","2022-10-14T13:15:01Z","2022-10-14T18:43:06Z","2022-10-14T18:43:06Z","0.23","2022-Q4"
"654","Make table names more explicit","casey","closed","true","other","2022-10-14T01:02:45Z","2022-10-14T17:59:11Z","2022-10-14T17:59:11Z","0.71","2022-Q4"
"653","List prime ordinals on transaction page","casey","closed","false","other","2022-10-14T00:11:46Z","","2022-11-15T19:03:32Z","32.79","2022-Q4"
"651","Fix race condition in commit test","casey","closed","true","test","2022-10-13T20:48:21Z","2022-10-13T20:50:22Z","2022-10-13T20:50:22Z","0","2022-Q4"
"650","Append network to data dir","casey","closed","true","other","2022-10-13T17:00:35Z","2022-10-13T17:28:20Z","2022-10-13T17:28:20Z","0.02","2022-Q4"
"649","Use https://signet.ordinals.com as default signet publish URL","casey","closed","true","other","2022-10-13T16:31:27Z","2022-10-13T17:34:44Z","2022-10-13T17:34:44Z","0.04","2022-Q4"
"648","`ord wallet send` refined","raphjaph","closed","true","wallet","2022-10-12T13:03:20Z","2022-10-13T20:21:04Z","2022-10-13T20:21:04Z","1.3","2022-Q4"
"647","Track number of commits","casey","closed","true","other","2022-10-12T06:27:37Z","2022-10-13T17:19:51Z","2022-10-13T17:19:51Z","1.45","2022-Q4"
"646","Document search","casey","closed","true","other","2022-10-12T04:05:13Z","2022-10-12T17:19:15Z","2022-10-12T17:19:15Z","0.55","2022-Q4"
"645","Show inscriptions on /ordinal","casey","closed","true","other","2022-10-11T21:59:25Z","2022-10-12T18:05:54Z","2022-10-12T18:05:54Z","0.84","2022-Q4"
"644","Make rarity text white","casey","closed","true","other","2022-10-11T21:29:09Z","2022-10-12T18:16:38Z","2022-10-12T18:16:38Z","0.87","2022-Q4"
"643","Link to ordinal from rune","casey","closed","true","runes","2022-10-11T21:27:57Z","2022-10-12T18:10:34Z","2022-10-12T18:10:34Z","0.86","2022-Q4"
"642","Check that RPC server is on correct network","casey","closed","true","api","2022-10-11T18:58:34Z","2022-10-11T21:19:50Z","2022-10-11T21:19:50Z","0.1","2022-Q4"
"639","Add /input page","casey","closed","true","feat","2022-10-11T04:13:48Z","2022-10-11T18:12:39Z","2022-10-11T18:12:39Z","0.58","2022-Q4"
"637","Add `ord rune publish`","casey","closed","true","runes","2022-10-10T19:02:51Z","2022-10-11T17:46:15Z","2022-10-11T17:46:15Z","0.95","2022-Q4"
"636","Add `ord rune publish`","casey","closed","false","runes","2022-10-10T18:46:35Z","","2022-10-10T19:02:29Z","0.01","2022-Q4"
"635","Add links to docs","casey","closed","true","feat","2022-10-10T18:44:37Z","2022-10-11T17:29:27Z","2022-10-11T17:29:27Z","0.95","2022-Q4"
"633","Make search box expand to fill available space","casey","closed","true","other","2022-10-10T18:27:21Z","2022-10-11T17:55:49Z","2022-10-11T17:55:49Z","0.98","2022-Q4"
"632","Use docs for name of workflow and directory","casey","closed","true","other","2022-10-10T18:07:57Z","2022-10-11T17:10:03Z","2022-10-11T17:10:04Z","0.96","2022-Q4"
"631","Remove multilingual book config key","casey","closed","true","other","2022-10-09T03:48:40Z","2022-10-10T18:04:30Z","2022-10-10T18:04:30Z","1.59","2022-Q4"
"629","Add `ord rune publish`","casey","closed","false","runes","2022-10-07T19:41:54Z","","2022-10-10T18:46:17Z","2.96","2022-Q4"
"628","Streamline roadmap","casey","closed","true","other","2022-10-06T21:38:22Z","2022-10-07T17:04:03Z","2022-10-07T17:04:03Z","0.81","2022-Q4"
"626","Misc docs fixes","casey","closed","true","other","2022-10-06T19:02:51Z","2022-10-06T20:13:01Z","2022-10-06T20:13:01Z","0.05","2022-Q4"
"625","Fix book publish directory","casey","closed","true","fix","2022-10-06T17:18:55Z","2022-10-06T17:21:23Z","2022-10-06T17:21:23Z","0","2022-Q4"
"623","Convert Zola site to mdbook","casey","closed","true","other","2022-10-05T22:06:09Z","2022-10-06T17:05:35Z","2022-10-06T17:05:35Z","0.79","2022-Q4"
"621","Speed up tests by using redb::Durability::None","casey","closed","true","other","2022-10-05T03:13:44Z","2022-10-05T17:10:41Z","2022-10-05T17:10:41Z","0.58","2022-Q4"
"620","Add status header to homepage","casey","closed","true","feat","2022-10-05T01:11:49Z","2022-10-05T18:32:36Z","2022-10-05T18:32:36Z","0.72","2022-Q4"
"619","Add rare.txt","casey","closed","true","feat","2022-10-04T21:31:28Z","2022-10-04T22:08:33Z","2022-10-04T22:08:33Z","0.03","2022-Q4"
"618","send command","raphjaph","closed","true","wallet","2022-10-04T21:09:45Z","2022-10-07T18:52:11Z","2022-10-07T18:52:11Z","2.9","2022-Q4"
"617","Update roadmap","casey","closed","true","other","2022-10-04T18:58:51Z","2022-10-05T18:28:09Z","2022-10-05T18:28:09Z","0.98","2022-Q4"
"614","Add a navigation bar","casey","closed","true","feat","2022-10-04T06:27:05Z","2022-10-05T20:12:37Z","2022-10-05T20:12:38Z","1.57","2022-Q4"
"613","Add help text to CLI","casey","closed","true","cli","2022-10-04T05:57:49Z","2022-10-04T17:07:16Z","2022-10-04T17:07:16Z","0.46","2022-Q4"
"612","Remove prime trait","casey","closed","true","other","2022-10-04T05:40:18Z","2022-10-04T17:16:25Z","2022-10-04T17:16:25Z","0.48","2022-Q4"
"611","Use light colors on a dark background","casey","closed","true","other","2022-10-04T05:29:46Z","2022-10-04T17:09:38Z","2022-10-04T17:09:38Z","0.49","2022-Q4"
"610","Display current cycle, epoch, and period on homepage","casey","closed","true","other","2022-10-04T04:52:27Z","2022-10-04T17:24:32Z","2022-10-04T17:24:32Z","0.52","2022-Q4"
"609","Sort ordinal properties","casey","closed","true","other","2022-10-04T03:11:28Z","2022-10-04T17:14:28Z","2022-10-04T17:14:28Z","0.59","2022-Q4"
"608","Profile tests","casey","closed","true","other","2022-10-04T02:50:37Z","2022-10-04T17:33:57Z","2022-10-04T17:33:58Z","0.61","2022-Q4"
"607","Refactor server error handling","casey","closed","true","api","2022-10-04T02:10:45Z","2022-10-04T17:39:29Z","2022-10-04T17:39:30Z","0.64","2022-Q4"
"606","Display ranges with an en dash","casey","closed","true","other","2022-10-04T00:43:26Z","2022-10-04T17:28:52Z","2022-10-04T17:28:52Z","0.7","2022-Q4"
"605","Embellish block page","casey","closed","true","indexer","2022-10-04T00:34:17Z","2022-10-04T18:02:39Z","2022-10-04T18:02:39Z","0.73","2022-Q4"
"603","Enable CI for Windows","casey","closed","true","feat","2022-10-03T23:23:58Z","2022-10-28T19:28:34Z","2022-10-28T19:28:34Z","24.84","2022-Q4"
"602","Add value, script pubkey, and address to transaction page","casey","closed","true","feat","2022-10-03T22:43:31Z","2022-10-03T23:09:09Z","2022-10-03T23:09:09Z","0.02","2022-Q4"
"601","add list command","raphjaph","closed","true","cli","2022-10-03T20:52:00Z","2022-10-03T23:06:23Z","2022-10-03T23:06:23Z","0.09","2022-Q4"
"600","Expand Ordinal Hunting Guide","casey","closed","true","other","2022-10-03T19:29:45Z","2022-10-03T23:11:16Z","2022-10-03T23:11:16Z","0.15","2022-Q4"
"596","how to create a watch only Bitcoin Core wallet from a descriptor","raphjaph","closed","true","wallet","2022-10-03T17:22:21Z","2022-10-03T19:18:10Z","2022-10-03T19:18:10Z","0.08","2022-Q4"
"595","Fix bounty links","casey","closed","true","fix","2022-10-03T06:11:11Z","2022-10-03T06:12:59Z","2022-10-03T06:12:59Z","0","2022-Q4"
"594","Ignore temporary directory","casey","closed","true","other","2022-10-03T06:07:42Z","2022-10-03T21:15:08Z","2022-10-03T21:15:08Z","0.63","2022-Q4"
"593","Release 0.0.5","casey","closed","true","other","2022-10-03T06:01:13Z","2022-10-03T06:04:13Z","2022-10-03T06:04:13Z","0","2022-Q4"
"592","Add bitcoin.conf","casey","closed","true","feat","2022-10-02T21:07:00Z","2022-10-03T05:40:21Z","2022-10-03T05:40:21Z","0.36","2022-Q4"
"590","Show output size on output page","casey","closed","true","other","2022-10-02T03:45:30Z","2022-10-02T21:07:15Z","2022-10-02T21:07:15Z","0.72","2022-Q4"
"588","Add new bounty","casey","closed","true","feat","2022-09-30T22:44:33Z","2022-10-03T05:33:56Z","2022-10-03T05:33:56Z","2.28","2022-Q3"
"587","Report integration test times","casey","closed","true","test","2022-09-30T20:34:48Z","2022-09-30T20:48:26Z","2022-09-30T20:48:26Z","0.01","2022-Q3"
"586","add identify command to wallet","raphjaph","closed","true","wallet","2022-09-30T20:03:43Z","2022-10-01T18:50:36Z","2022-10-01T18:50:36Z","0.95","2022-Q3"
"585","Indicate when an output couldn't be shown because it was spent","casey","closed","true","other","2022-09-30T19:39:48Z","2022-09-30T20:42:08Z","2022-09-30T20:42:08Z","0.04","2022-Q3"
"583","Add server integration test","casey","closed","true","api","2022-09-30T18:21:05Z","2022-09-30T19:12:38Z","2022-09-30T19:12:38Z","0.04","2022-Q3"
"582","Update dependencies","casey","closed","true","other","2022-09-29T21:39:24Z","2022-09-30T18:56:30Z","2022-09-30T18:56:30Z","0.89","2022-Q3"
"580","Last test hopefully","raphjaph","closed","true","test","2022-09-29T20:37:15Z","2022-09-29T21:19:37Z","2022-09-29T21:19:37Z","0.03","2022-Q3"
"579","Make index::custom_index_size test faster","casey","closed","true","indexer","2022-09-29T20:19:52Z","2022-09-29T20:48:52Z","2022-09-29T20:48:52Z","0.02","2022-Q3"
"578","Make info::basic test faster","casey","closed","true","test","2022-09-29T20:10:41Z","2022-09-29T20:16:02Z","2022-09-29T20:16:02Z","0","2022-Q3"
"576","Move bounties into subpages","casey","closed","true","other","2022-09-28T18:38:20Z","2022-09-29T21:22:36Z","2022-09-29T21:22:36Z","1.11","2022-Q3"
"575","Rename workflow jobs","casey","closed","true","other","2022-09-28T04:42:10Z","2022-09-28T17:21:56Z","2022-09-28T17:21:57Z","0.53","2022-Q3"
"573","Remove /clock.svg route","casey","closed","true","api","2022-09-28T04:21:22Z","2022-09-28T17:11:59Z","2022-09-28T17:11:59Z","0.54","2022-Q3"
"572","converted some tests","raphjaph","closed","true","other","2022-09-27T22:31:40Z","2022-09-29T19:58:49Z","2022-09-29T19:58:49Z","1.89","2022-Q3"
"571","Convert some find tests","casey","closed","true","other","2022-09-27T21:49:44Z","2022-09-28T17:17:57Z","2022-09-28T17:17:57Z","0.81","2022-Q3"
"570","Fix test bitcoin core rpc server","casey","closed","true","api","2022-09-27T21:36:54Z","2022-09-27T21:42:59Z","2022-09-27T21:42:59Z","0","2022-Q3"
"569","Move test Bitcoin Core RPC server into sub-crate","casey","closed","true","api","2022-09-27T21:03:06Z","2022-09-27T21:24:06Z","2022-09-27T21:24:06Z","0.01","2022-Q3"
"568","Remove spent-output-test","casey","closed","true","test","2022-09-27T20:02:28Z","2022-09-27T20:16:33Z","2022-09-27T20:16:33Z","0.01","2022-Q3"
"567","Remove find-by-slot tests","casey","closed","true","other","2022-09-27T19:59:44Z","2022-09-27T20:03:24Z","2022-09-27T20:03:24Z","0","2022-Q3"
"566","Remove wallet commands","casey","closed","true","wallet","2022-09-27T19:15:07Z","2022-09-27T19:42:05Z","2022-09-27T19:42:05Z","0.02","2022-Q3"
"564","Use constants from rust-bitcoin","casey","closed","true","other","2022-09-27T00:06:56Z","2022-09-30T19:05:11Z","2022-09-30T19:05:11Z","3.79","2022-Q3"
"563","Add prime trait","casey","closed","true","feat","2022-09-26T19:48:59Z","2022-09-28T18:10:00Z","2022-09-28T18:10:00Z","1.93","2022-Q3"
"562","Fix release script","casey","closed","true","fix","2022-09-26T18:08:46Z","2022-09-26T18:17:13Z","2022-09-26T18:17:13Z","0.01","2022-Q3"
"561","Release 0.0.4","casey","closed","true","other","2022-09-26T18:05:04Z","2022-09-26T18:10:52Z","2022-09-26T18:10:52Z","0","2022-Q3"
"560","Convert even more unit tests","raphjaph","closed","true","other","2022-09-26T16:17:41Z","2022-09-26T20:52:51Z","2022-09-26T20:52:52Z","0.19","2022-Q3"
"559","Update redb version to 0.7.0","windsok","closed","true","other","2022-09-26T04:47:10Z","2022-09-26T06:21:33Z","2022-09-26T06:21:33Z","0.07","2022-Q3"
"552","Add more links and labels to clocks","casey","closed","true","feat","2022-09-23T22:11:06Z","2022-09-26T17:58:34Z","2022-09-26T17:58:34Z","2.82","2022-Q3"
"551","Don't block server on index","casey","closed","true","indexer","2022-09-23T21:30:33Z","2022-09-23T21:44:12Z","2022-09-23T21:44:12Z","0.01","2022-Q3"
"550","Deploy dev server","casey","closed","true","api","2022-09-23T21:21:13Z","2022-09-26T17:36:58Z","2022-09-26T17:36:58Z","2.84","2022-Q3"
"549","Allow putting block hashes, transaction ids, and outputs in search box","casey","closed","true","indexer","2022-09-23T18:47:11Z","2022-09-23T21:01:13Z","2022-09-23T21:01:13Z","0.09","2022-Q3"
"548","converted more integration tests to unit test","raphjaph","closed","true","test","2022-09-23T12:55:23Z","2022-09-23T18:17:45Z","2022-09-23T18:17:45Z","0.22","2022-Q3"
"547","Make range integration tests fast","casey","closed","true","other","2022-09-22T20:29:21Z","2022-09-22T20:57:40Z","2022-09-22T20:57:40Z","0.02","2022-Q3"
"546","add a roadmap","raphjaph","closed","true","feat","2022-09-22T11:36:03Z","2022-09-22T20:27:41Z","2022-09-22T20:27:41Z","0.37","2022-Q3"
"545","Update index in `Index::open`","casey","closed","true","indexer","2022-09-21T18:33:58Z","2022-09-21T23:08:50Z","2022-09-21T23:08:50Z","0.19","2022-Q3"
"544","'adding mine block to test server'","raphjaph","closed","true","indexer","2022-09-20T21:04:55Z","2022-09-22T20:09:09Z","2022-09-22T20:09:09Z","1.96","2022-Q3"
"543","Make tests which don't need bitcoind faster","casey","closed","true","other","2022-09-20T19:50:28Z","2022-09-20T20:18:44Z","2022-09-20T20:18:44Z","0.02","2022-Q3"
"539","Note why unit tests should use regtest network","casey","closed","true","other","2022-09-19T22:16:45Z","2022-09-19T22:24:11Z","2022-09-19T22:24:11Z","0.01","2022-Q3"
"538","Use --chain regtest to speed up unit tests","casey","closed","true","indexer","2022-09-19T21:43:03Z","2022-09-19T21:46:55Z","2022-09-19T21:46:55Z","0","2022-Q3"
"531","Use new boilerplate","casey","closed","true","other","2022-09-18T05:46:47Z","2022-09-18T06:10:00Z","2022-09-18T06:10:01Z","0.02","2022-Q3"
"530","Add favicon to docs.ordinals.com","casey","closed","true","feat","2022-09-17T02:13:42Z","2022-09-17T02:18:04Z","2022-09-17T02:18:04Z","0","2022-Q3"
"529","Note that Bounty 1 has been claimed","casey","closed","true","other","2022-09-14T03:42:04Z","2022-09-14T03:45:45Z","2022-09-14T03:45:45Z","0","2022-Q3"
"526","Fix off-by-some --height-limit bug","casey","closed","true","fix","2022-09-13T03:39:33Z","2022-09-19T20:09:00Z","2022-09-19T20:09:00Z","6.69","2022-Q3"
"525","Store and count the total number of outputs traversed when building the index","raphjaph","closed","true","indexer","2022-09-12T22:01:10Z","2022-09-19T18:06:29Z","2022-09-19T18:06:29Z","6.84","2022-Q3"
"523","Collect and log more timing information (issue #500)","veryordinally","closed","false","other","2022-09-12T15:03:31Z","","2022-10-23T20:16:18Z","41.22","2022-Q3"
"522","Allow multiple outpoints for list subcommand and introduce longform flag for list","veryordinally","closed","false","cli","2022-09-12T14:53:38Z","","2022-10-03T23:07:59Z","21.34","2022-Q3"
"521","add ordinal searching through path: /search/QUERY","raphjaph","closed","true","feat","2022-09-12T13:59:26Z","2022-09-20T18:32:10Z","2022-09-20T18:32:11Z","8.19","2022-Q3"
"520","Turn off autocapitalization in search box","casey","closed","true","other","2022-09-12T01:22:07Z","2022-09-19T20:33:21Z","2022-09-19T20:33:21Z","7.8","2022-Q3"
"519","Update dependencies","casey","closed","true","other","2022-09-11T20:04:22Z","2022-09-12T01:03:57Z","2022-09-12T01:03:57Z","0.21","2022-Q3"
"518","Detect reorg and display on website; added reorg test to justfile","raphjaph","closed","true","indexer","2022-09-11T16:23:43Z","2022-09-27T18:28:38Z","2022-09-27T18:28:38Z","16.09","2022-Q3"
"516","Use fixed-size types for database keys and values.","casey","closed","true","other","2022-09-11T10:35:24Z","2022-09-12T01:28:07Z","2022-09-12T01:28:07Z","0.62","2022-Q3"
"515","Add docs","casey","closed","true","feat","2022-09-11T07:34:10Z","2022-09-16T23:50:58Z","2022-09-16T23:50:58Z","5.68","2022-Q3"
"512","Experiment with different range encodings","casey","closed","false","other","2022-09-11T06:36:03Z","","2022-11-15T23:56:17Z","65.72","2022-Q3"
"510","Allow multiple outpoints for list subcommand and amend output format","veryordinally","closed","false","cli","2022-09-10T13:02:12Z","","2022-09-12T05:33:54Z","1.69","2022-Q3"
"509","Log retry interval","veryordinally","closed","true","other","2022-09-09T19:48:50Z","2022-09-10T00:01:26Z","2022-09-10T00:01:26Z","0.18","2022-Q3"
"508","Retry with exponential backoff on RPC errors during indexing","casey","closed","true","other","2022-09-09T18:19:28Z","2022-09-09T18:23:58Z","2022-09-09T18:23:58Z","0","2022-Q3"
"507","Add some debug statements","casey","closed","false","feat","2022-09-09T17:47:56Z","","2022-09-28T03:38:17Z","18.41","2022-Q3"
"506","Include outpoint in missing outpoint message","casey","closed","true","other","2022-09-09T17:28:27Z","2022-09-09T17:32:13Z","2022-09-09T17:32:13Z","0","2022-Q3"
"503","clock as favicon","raphjaph","closed","false","other","2022-09-09T14:45:09Z","","2022-11-15T23:56:32Z","67.38","2022-Q3"
"502","make clock favicon; changes background to bitcoin orange","raphjaph","closed","false","other","2022-09-09T14:31:02Z","","2022-09-09T14:36:54Z","0","2022-Q3"
"499","Link to clock from home page","casey","closed","true","other","2022-09-08T22:38:05Z","2022-09-08T22:48:18Z","2022-09-08T22:48:18Z","0.01","2022-Q3"
"498","Pass benchmark dir name in justfile recipe","casey","closed","true","other","2022-09-08T22:36:28Z","2022-09-08T22:41:23Z","2022-09-08T22:41:23Z","0","2022-Q3"
"497","Improve benchmark","casey","closed","true","other","2022-09-08T22:24:13Z","2022-09-08T22:33:24Z","2022-09-08T22:33:25Z","0.01","2022-Q3"
"496","Commit once every thousand blocks","casey","closed","true","other","2022-09-08T21:29:23Z","2022-09-08T21:34:15Z","2022-09-08T21:34:15Z","0","2022-Q3"
"495","Background block fetch","casey","closed","true","indexer","2022-09-08T19:07:21Z","2022-10-28T17:15:36Z","2022-10-28T17:15:36Z","49.92","2022-Q3"
"493","Delete index after benchmarking","casey","closed","true","indexer","2022-09-08T18:55:49Z","2022-09-08T19:12:57Z","2022-09-08T19:12:57Z","0.01","2022-Q3"
"492","Clock on homepage","raphjaph","closed","false","other","2022-09-08T17:17:29Z","","2022-09-09T14:22:50Z","0.88","2022-Q3"
"488","Add benchmark script","casey","closed","true","feat","2022-09-07T19:19:39Z","2022-09-07T19:35:16Z","2022-09-07T19:35:16Z","0.01","2022-Q3"
"486","Add flamegraph recipe","casey","closed","true","feat","2022-09-07T17:54:59Z","2022-09-07T18:04:25Z","2022-09-07T18:04:25Z","0.01","2022-Q3"
"485","Invalid degree bugfix","raphjaph","closed","true","other","2022-09-06T21:08:42Z","2022-09-06T21:28:01Z","2022-09-06T21:28:02Z","0.01","2022-Q3"
"484","fixed degree notation parsing","raphjaph","closed","false","other","2022-09-06T20:46:03Z","","2022-09-06T21:08:10Z","0.02","2022-Q3"
"479","Add search box to homepage","casey","closed","true","feat","2022-09-05T18:27:45Z","2022-09-05T18:48:13Z","2022-09-05T18:48:13Z","0.01","2022-Q3"
"478","Invalid degree bugfix","casey","closed","false","other","2022-09-05T17:54:00Z","","2022-09-06T21:35:41Z","1.15","2022-Q3"
"477","added blockheight to SVG","raphjaph","closed","true","other","2022-09-05T12:25:12Z","2022-09-07T20:45:28Z","2022-09-07T20:45:28Z","2.35","2022-Q3"
"476","added tooltips to clock","raphjaph","closed","true","other","2022-09-05T09:37:12Z","2022-09-07T21:06:39Z","2022-09-07T21:06:39Z","2.48","2022-Q3"
"475","Remove nix cruft","jurraca","closed","true","other","2022-09-04T19:00:25Z","2022-09-04T20:09:01Z","2022-09-04T20:09:01Z","0.05","2022-Q3"
"474","Fix indentation in test-deploy recipe","casey","closed","true","test","2022-09-04T18:27:34Z","2022-09-04T18:36:23Z","2022-09-04T18:36:23Z","0.01","2022-Q3"
"464","Document how to turn on logging","casey","closed","true","other","2022-09-02T22:23:37Z","2022-09-02T22:34:04Z","2022-09-02T22:34:04Z","0.01","2022-Q3"
"460","Add contribution advice to readme","casey","closed","true","docs","2022-09-02T21:47:42Z","2022-09-02T21:58:26Z","2022-09-02T21:58:26Z","0.01","2022-Q3"
"448","Increase default maximum index size for non-regtest chains","casey","closed","true","indexer","2022-09-02T03:57:03Z","2022-09-02T04:06:11Z","2022-09-02T04:06:11Z","0.01","2022-Q3"
"447","added block height to ordinal clock","raphjaph","closed","false","indexer","2022-09-01T14:48:28Z","","2022-09-05T08:50:45Z","3.75","2022-Q3"
"418","Remove old NFT implementation","casey","closed","true","other","2022-09-01T03:17:11Z","2022-09-01T03:21:02Z","2022-09-01T03:21:02Z","0","2022-Q3"
"399","Update readme","casey","closed","true","docs","2022-09-01T02:22:59Z","2022-09-01T02:26:13Z","2022-09-01T02:26:13Z","0","2022-Q3"
"389","Switch to WriteStrategy::CommitLatency for debugging","casey","closed","false","other","2022-09-01T01:20:26Z","","2022-09-22T20:25:17Z","21.8","2022-Q3"
"382","Add error on None case for special_ordinals","terror","closed","true","feat","2022-08-30T21:00:36Z","2022-08-30T21:27:39Z","2022-08-30T21:27:40Z","0.02","2022-Q3"
"380","Guard against invalid percentiles","casey","closed","true","other","2022-08-30T00:45:35Z","2022-08-30T01:02:02Z","2022-08-30T01:02:03Z","0.01","2022-Q3"
"379","Make --acme-contact optional","casey","closed","true","other","2022-08-29T19:09:23Z","2022-08-29T21:51:23Z","2022-08-29T21:51:23Z","0.11","2022-Q3"
"378","Add percentile representation","casey","closed","true","feat","2022-08-28T21:51:53Z","2022-08-29T22:01:39Z","2022-08-29T22:01:39Z","1.01","2022-Q3"
"377","Improve names for a couple of properties","casey","closed","true","other","2022-08-28T21:46:30Z","2022-08-29T19:01:32Z","2022-08-29T19:01:32Z","0.89","2022-Q3"
"376","Only bin/graph current sync","casey","closed","true","other","2022-08-25T14:18:03Z","2022-08-29T18:46:10Z","2022-08-29T18:46:10Z","4.19","2022-Q3"
"375","Add plot","terror","closed","true","feat","2022-08-24T23:09:34Z","2022-08-24T23:24:48Z","2022-08-24T23:24:48Z","0.01","2022-Q3"
"374","Log ord by default","casey","closed","true","other","2022-08-24T21:01:44Z","2022-08-24T23:21:29Z","2022-08-24T23:21:29Z","0.1","2022-Q3"
"373","Don't write to OUTPOINT_TO_TXID table","casey","closed","true","other","2022-08-24T20:40:13Z","2022-08-24T20:54:48Z","2022-08-24T20:54:48Z","0.01","2022-Q3"
"372","Change just recipe to log main instance by default","casey","closed","true","other","2022-08-24T20:28:31Z","2022-08-24T20:50:08Z","2022-08-24T20:50:08Z","0.02","2022-Q3"
"370","Add bounty #1","casey","closed","true","feat","2022-08-24T19:06:21Z","2022-08-24T19:14:28Z","2022-08-24T19:14:28Z","0.01","2022-Q3"
"369","Protect ordinals from being used in fees","terror","closed","true","other","2022-08-24T00:10:51Z","2022-08-30T23:50:11Z","2022-08-30T23:50:11Z","6.99","2022-Q3"
"368","Remove comments from service files","casey","closed","true","other","2022-08-23T22:40:51Z","2022-08-23T23:29:20Z","2022-08-23T23:29:20Z","0.03","2022-Q3"
"367","Dont hardcode cookie file","casey","closed","true","other","2022-08-23T22:35:46Z","2022-08-23T23:32:43Z","2022-08-23T23:32:43Z","0.04","2022-Q3"
"366","Dont hardcode network in service files","casey","closed","true","other","2022-08-23T21:12:10Z","2022-08-23T21:40:40Z","2022-08-23T21:40:41Z","0.02","2022-Q3"
"365","Read cookie file from --bitcoin-data-dir","casey","closed","true","other","2022-08-23T20:04:52Z","2022-08-23T21:46:21Z","2022-08-23T21:46:21Z","0.07","2022-Q3"
"364","Add defaults for --acme-cache and --acme-domain","casey","closed","true","feat","2022-08-23T19:44:06Z","2022-08-23T22:01:23Z","2022-08-23T22:01:23Z","0.1","2022-Q3"
"363","Put .hushlogin in correct location","casey","closed","true","fix","2022-08-23T19:05:49Z","2022-08-23T21:28:18Z","2022-08-23T21:28:18Z","0.1","2022-Q3"
"361","Pass domain to deploy scripts","casey","closed","true","other","2022-08-23T06:50:01Z","2022-08-23T19:03:32Z","2022-08-23T19:03:32Z","0.51","2022-Q3"
"360","Suppress login messages","casey","closed","true","other","2022-08-23T05:41:00Z","2022-08-23T18:05:44Z","2022-08-23T18:05:44Z","0.52","2022-Q3"
"359","Start reforming http and https services and ports","casey","closed","true","api","2022-08-23T00:22:02Z","2022-08-31T18:20:25Z","2022-08-31T18:20:25Z","8.75","2022-Q3"
"358","Disable password auth","casey","closed","true","other","2022-08-22T22:57:06Z","2022-08-23T00:28:38Z","2022-08-23T00:28:38Z","0.06","2022-Q3"
"357","Protect ord wallet send from sending rare ordinals","terror","closed","true","wallet","2022-08-22T21:54:49Z","2022-08-23T23:24:07Z","2022-08-23T23:24:07Z","1.06","2022-Q3"
"356","Update bounty","casey","closed","true","other","2022-08-22T17:32:33Z","2022-08-22T17:38:40Z","2022-08-22T17:38:40Z","0","2022-Q3"
"355","Add a clock","casey","closed","true","feat","2022-08-19T23:54:16Z","2022-08-22T20:46:13Z","2022-08-22T20:46:13Z","2.87","2022-Q3"
"354","Remove unused CSS font-family","casey","closed","true","other","2022-08-19T21:16:18Z","2022-08-22T17:31:23Z","2022-08-22T17:31:23Z","2.84","2022-Q3"
"353","Display hashes, ranges, and outputs in monospace","casey","closed","true","other","2022-08-19T18:33:57Z","2022-08-19T20:09:50Z","2022-08-19T20:09:50Z","0.07","2022-Q3"
"352","Improve <ol> style","casey","closed","true","other","2022-08-19T18:03:32Z","2022-08-19T18:11:34Z","2022-08-19T18:11:34Z","0.01","2022-Q3"
"351","Add favicon","casey","closed","true","feat","2022-08-19T00:04:09Z","2022-08-19T00:06:51Z","2022-08-19T00:06:51Z","0","2022-Q3"
"350","Improve deploy speed","casey","closed","true","other","2022-08-18T23:33:44Z","2022-08-18T23:38:00Z","2022-08-18T23:38:00Z","0","2022-Q3"
"349","Add block colors","terror","closed","true","indexer","2022-08-18T22:52:01Z","2022-08-18T23:33:30Z","2022-08-18T23:33:30Z","0.03","2022-Q3"
"348","Color ranges in outputs and first link in range by rarity","casey","closed","true","other","2022-08-18T22:39:28Z","2022-08-18T23:13:50Z","2022-08-18T23:13:50Z","0.02","2022-Q3"
"347","Switch to one-at-a-time bounties","casey","closed","true","other","2022-08-18T22:33:15Z","2022-08-18T23:06:54Z","2022-08-18T23:06:54Z","0.02","2022-Q3"
"346","Remove slide deck","casey","closed","true","other","2022-08-18T19:55:39Z","2022-08-18T23:10:38Z","2022-08-18T23:10:39Z","0.14","2022-Q3"
"345","Add better errors for outputs","terror","closed","true","feat","2022-08-18T19:02:14Z","2022-08-18T20:52:11Z","2022-08-18T20:52:11Z","0.08","2022-Q3"
"344","Remove GitHub pages directory","casey","closed","true","other","2022-08-18T04:14:49Z","2022-08-18T17:17:26Z","2022-08-18T17:17:26Z","0.54","2022-Q3"
"343","Use an ordered list for homepage","casey","closed","true","other","2022-08-18T04:04:31Z","2022-08-18T17:36:44Z","2022-08-18T17:36:44Z","0.56","2022-Q3"
"342","Improve deploy scripts","casey","closed","true","other","2022-08-18T00:55:04Z","2022-08-22T22:28:54Z","2022-08-22T22:28:54Z","4.9","2022-Q3"
"341","Home","casey","closed","true","other","2022-08-18T00:51:33Z","2022-08-18T02:47:25Z","2022-08-18T02:47:25Z","0.08","2022-Q3"
"340","Remove sleeps from server tests","casey","closed","true","api","2022-08-18T00:41:12Z","2022-08-18T02:44:07Z","2022-08-18T02:44:07Z","0.09","2022-Q3"
"339","Add FAQ","casey","closed","true","feat","2022-08-17T23:19:37Z","2022-08-18T00:25:08Z","2022-08-18T00:25:08Z","0.05","2022-Q3"
"338","Add space around nav items","casey","closed","true","feat","2022-08-17T22:44:54Z","2022-08-18T00:34:07Z","2022-08-18T00:34:07Z","0.08","2022-Q3"
"337","Style links","casey","closed","true","other","2022-08-17T22:23:16Z","2022-08-18T00:30:30Z","2022-08-18T00:30:30Z","0.09","2022-Q3"
"336","Remove fluff from BIP","casey","closed","true","other","2022-08-17T22:09:28Z","2022-08-17T22:14:46Z","2022-08-17T22:14:46Z","0","2022-Q3"
"335","Add links to homepage","casey","closed","true","feat","2022-08-17T21:52:42Z","2022-08-17T22:33:13Z","2022-08-17T22:33:13Z","0.03","2022-Q3"
"334","Remove old comment from bitcoind.service","casey","closed","true","docs","2022-08-17T21:46:01Z","2022-08-17T22:10:05Z","2022-08-17T22:10:05Z","0.02","2022-Q3"
"333","Styling","casey","closed","true","other","2022-08-17T21:44:43Z","2022-08-17T22:18:27Z","2022-08-17T22:18:27Z","0.02","2022-Q3"
"332","Make explorer mobile friendly","terror","closed","true","other","2022-08-17T19:57:48Z","2022-08-17T21:09:05Z","2022-08-17T21:09:05Z","0.05","2022-Q3"
"331","Don't let ordinals become telephone numbers","terror","closed","true","other","2022-08-17T19:47:21Z","2022-08-17T20:26:06Z","2022-08-17T20:26:06Z","0.03","2022-Q3"
"330","Add stylesheet","casey","closed","true","feat","2022-08-17T19:46:37Z","2022-08-17T20:45:07Z","2022-08-17T20:45:08Z","0.04","2022-Q3"
"329","Add next and previous buttons to ordinal page","terror","closed","true","feat","2022-08-17T18:39:27Z","2022-08-17T19:35:26Z","2022-08-17T19:35:26Z","0.04","2022-Q3"
"328","Fix broken link","casey","closed","true","fix","2022-08-17T18:20:08Z","2022-08-17T18:23:18Z","2022-08-17T18:23:18Z","0","2022-Q3"
"326","Fix off by one bug in index::blocks","terror","closed","true","indexer","2022-08-17T17:59:17Z","2022-08-17T18:11:55Z","2022-08-17T18:11:55Z","0.01","2022-Q3"
"325","Add header to /range","casey","closed","true","feat","2022-08-17T17:52:47Z","2022-08-17T18:15:25Z","2022-08-17T18:15:26Z","0.02","2022-Q3"
"324","Add header to /output","casey","closed","true","feat","2022-08-17T17:37:39Z","2022-08-17T17:41:02Z","2022-08-17T17:41:02Z","0","2022-Q3"
"322","Add header to /tx","casey","closed","true","feat","2022-08-17T01:27:26Z","2022-08-17T03:39:44Z","2022-08-17T03:39:44Z","0.09","2022-Q3"
"321","Add header to /block/HASH","casey","closed","true","indexer","2022-08-17T00:58:59Z","2022-08-17T01:02:03Z","2022-08-17T01:02:03Z","0","2022-Q3"
"320","Limit blocks","casey","closed","true","other","2022-08-16T23:07:06Z","2022-08-17T16:35:44Z","2022-08-17T16:35:44Z","0.73","2022-Q3"
"319","Return BlockHash from Index::all","casey","closed","true","indexer","2022-08-16T22:29:26Z","2022-08-16T22:35:27Z","2022-08-16T22:35:27Z","0","2022-Q3"
"318","Don't warn about installing bitcoind in deploy/setup","casey","closed","true","other","2022-08-16T22:26:57Z","2022-08-16T22:29:44Z","2022-08-16T22:29:44Z","0","2022-Q3"
"317","Convert / to boilerplate template","casey","closed","true","other","2022-08-16T22:25:41Z","2022-08-17T00:15:20Z","2022-08-17T00:15:20Z","0.08","2022-Q3"
"316","Fast tests only on macos latest","casey","closed","true","other","2022-08-16T21:22:14Z","2022-08-16T21:31:27Z","2022-08-16T21:31:27Z","0.01","2022-Q3"
"315","Don't use redb checksum write strategy","casey","closed","true","other","2022-08-16T21:14:59Z","2022-08-16T21:23:32Z","2022-08-16T21:23:32Z","0.01","2022-Q3"
"314","Pay a fixed fee when sending transactions","terror","closed","true","wallet","2022-08-16T19:44:24Z","2022-08-16T20:34:40Z","2022-08-16T20:34:40Z","0.03","2022-Q3"
"313","Debug and fix bin/forbid","casey","closed","true","fix","2022-08-16T19:35:55Z","2022-08-16T21:36:57Z","2022-08-16T21:36:57Z","0.08","2022-Q3"
"312","Purse refactors","terror","closed","true","other","2022-08-16T18:19:42Z","2022-08-16T20:17:21Z","2022-08-16T20:17:21Z","0.08","2022-Q3"
"311","Update rust toolchain when deploying","casey","closed","true","other","2022-08-15T22:28:11Z","2022-08-16T21:42:26Z","2022-08-16T21:42:26Z","0.97","2022-Q3"
"305","Add wallet send subcommand","terror","closed","true","wallet","2022-08-11T17:30:05Z","2022-08-12T21:43:53Z","2022-08-12T21:43:53Z","1.18","2022-Q3"
"304","Add wallet identify subcommand","terror","closed","true","wallet","2022-08-10T17:26:58Z","2022-08-22T20:01:30Z","2022-08-22T20:01:30Z","12.11","2022-Q3"
"301","Use Bitcoin Core from Homebrew on CI","casey","closed","false","other","2022-08-10T01:36:04Z","","2022-08-16T21:40:08Z","6.84","2022-Q3"
"298","Add stuff from the demo","casey","closed","true","feat","2022-08-08T18:37:47Z","2022-08-16T22:14:58Z","2022-08-16T22:14:58Z","8.15","2022-Q3"
"293","Add output endpoint","casey","closed","true","api","2022-08-05T22:47:25Z","2022-08-05T22:52:57Z","2022-08-05T22:52:57Z","0","2022-Q3"
"292","List transaction outputs","terror","closed","true","other","2022-08-05T22:40:52Z","2022-08-07T16:55:46Z","2022-08-07T16:55:46Z","1.76","2022-Q3"
"291","Add /range/:start/:end endpoint","casey","closed","true","api","2022-08-05T21:40:50Z","2022-08-05T21:56:07Z","2022-08-05T21:56:07Z","0.01","2022-Q3"
"289","Use rustl-acme acceptor","casey","closed","true","other","2022-08-05T21:17:05Z","2022-08-19T20:40:24Z","2022-08-19T20:40:24Z","13.97","2022-Q3"
"288","Move /list endpoint to /api/list","casey","closed","true","api","2022-08-05T21:04:10Z","2022-08-05T21:51:02Z","2022-08-05T21:51:02Z","0.03","2022-Q3"
"287","Display ordinals at `/ordinal/:ordinal`","casey","closed","true","other","2022-08-05T19:32:33Z","2022-08-05T19:40:41Z","2022-08-05T19:40:41Z","0.01","2022-Q3"
"286","List block transactions","terror","closed","true","indexer","2022-08-05T18:27:30Z","2022-08-05T20:09:21Z","2022-08-05T20:09:21Z","0.07","2022-Q3"
"285","Wait for bitcoind and ord to become available","casey","closed","true","other","2022-08-05T18:09:41Z","2022-08-05T18:14:12Z","2022-08-05T18:14:12Z","0","2022-Q3"
"276","Block explorer inception","terror","closed","true","indexer","2022-08-04T23:51:30Z","2022-08-05T17:58:04Z","2022-08-05T17:58:04Z","0.75","2022-Q3"
"275","Get rid of JS","casey","closed","true","other","2022-08-04T23:12:06Z","2022-08-04T23:18:06Z","2022-08-04T23:18:06Z","0","2022-Q3"
"274","Add network option","terror","closed","true","cli","2022-08-04T19:47:08Z","2022-08-04T22:42:13Z","2022-08-04T22:42:13Z","0.12","2022-Q3"
"271","Add wallet balance subcommand","terror","closed","true","wallet","2022-08-02T23:02:16Z","2022-08-09T23:36:09Z","2022-08-09T23:36:09Z","7.02","2022-Q3"
"270","Remove unused functionality","casey","closed","true","other","2022-07-29T23:14:16Z","2022-07-29T23:29:15Z","2022-07-29T23:29:15Z","0.01","2022-Q3"
"268","Revise homepage","casey","closed","true","other","2022-07-28T09:25:08Z","2022-07-28T10:34:29Z","2022-07-28T10:34:29Z","0.05","2022-Q3"
"267","Link to blog post","casey","closed","true","other","2022-07-27T08:38:16Z","2022-07-27T08:40:59Z","2022-07-27T08:40:59Z","0","2022-Q3"
"263","Refactor tests to use regtest node","terror","closed","true","refactor","2022-07-22T16:53:01Z","2022-08-09T21:34:38Z","2022-08-09T21:34:38Z","18.2","2022-Q3"
"262","Use hour, minute, second, and third terminology","casey","closed","true","other","2022-07-21T19:53:38Z","2022-07-26T23:16:53Z","2022-07-26T23:16:53Z","5.14","2022-Q3"
"261","Allow passing ordinals in degree notation","casey","closed","true","other","2022-07-21T06:16:05Z","2022-07-21T19:15:25Z","2022-07-21T19:15:25Z","0.54","2022-Q3"
"260","Add mythic rarity for genesis sat","casey","closed","true","feat","2022-07-21T00:52:19Z","2022-07-21T17:32:16Z","2022-07-21T17:32:16Z","0.69","2022-Q3"
"259","Add wallet utxos subcommand","terror","closed","true","wallet","2022-07-20T14:41:52Z","2022-08-09T23:07:53Z","2022-08-09T23:07:53Z","20.35","2022-Q3"
"258","Update dependencies","casey","closed","true","other","2022-07-20T07:00:11Z","2022-07-21T17:34:47Z","2022-07-21T17:34:47Z","1.44","2022-Q3"
"256","Start working on acme","casey","closed","true","other","2022-07-19T22:20:20Z","2022-08-01T17:30:06Z","2022-08-01T17:30:06Z","12.8","2022-Q3"
"255","Overhaul traits","casey","closed","true","other","2022-07-19T19:45:54Z","2022-07-19T20:07:17Z","2022-07-19T20:07:18Z","0.01","2022-Q3"
"254","Clarify duplicate transaction rule in BIP","casey","closed","true","other","2022-07-18T23:16:36Z","2022-07-18T23:51:01Z","2022-07-18T23:51:01Z","0.02","2022-Q3"
"252","Redb bug","casey","closed","false","fix","2022-07-18T22:10:37Z","","2022-07-20T06:29:06Z","1.35","2022-Q3"
"238","Add justfile with commands for moving ordinals around manually","casey","closed","true","feat","2022-07-18T20:03:40Z","2022-07-18T21:30:16Z","2022-07-18T21:30:17Z","0.06","2022-Q3"
"237","Add links to discord server","casey","closed","true","api","2022-07-18T19:12:59Z","2022-07-18T20:37:13Z","2022-07-18T20:37:14Z","0.06","2022-Q3"
"236","Add --version flag","casey","closed","true","cli","2022-07-16T00:49:25Z","2022-07-16T02:29:18Z","2022-07-16T02:29:18Z","0.07","2022-Q3"
"235","Make `nft verify` take input as argument","casey","closed","true","other","2022-07-16T00:43:54Z","2022-07-16T02:31:19Z","2022-07-16T02:31:19Z","0.07","2022-Q3"
"234","Bump version: 0.0.2 → 0.0.3","casey","closed","true","other","2022-07-15T23:12:57Z","2022-07-15T23:15:27Z","2022-07-15T23:15:27Z","0","2022-Q3"
"233","Begin wallet implementation","terror","closed","true","wallet","2022-07-14T23:43:34Z","2022-07-19T22:16:21Z","2022-07-19T22:16:22Z","4.94","2022-Q3"
"232","Change deploy target in recipe","terror","closed","true","other","2022-07-14T21:54:51Z","2022-07-14T21:56:35Z","2022-07-14T21:56:35Z","0","2022-Q3"
"231","Purge LMDB","casey","closed","true","other","2022-07-14T19:31:10Z","2022-07-18T22:57:29Z","2022-07-18T22:57:30Z","4.14","2022-Q3"
"230","Use default port in ord service","terror","closed","true","other","2022-07-12T21:17:30Z","2022-07-12T21:57:25Z","2022-07-12T21:57:25Z","0.03","2022-Q3"
"229","Test deploy on vagrant","terror","closed","true","test","2022-07-08T22:37:30Z","2022-07-12T21:07:36Z","2022-07-12T21:07:36Z","3.94","2022-Q3"
"227","Update slide deck","casey","closed","true","other","2022-06-28T08:12:42Z","2022-06-28T08:14:32Z","2022-06-28T08:14:32Z","0","2022-Q2"
"226","Video link","casey","closed","true","other","2022-06-28T07:19:52Z","2022-06-28T07:22:13Z","2022-06-28T07:22:13Z","0","2022-Q2"
"225","Separate deck pages","casey","closed","true","other","2022-06-27T22:43:23Z","2022-06-27T22:45:38Z","2022-06-27T22:45:38Z","0","2022-Q2"
"224","Fix docs HTML","casey","closed","true","fix","2022-06-27T22:28:15Z","2022-06-27T22:41:49Z","2022-06-27T22:41:49Z","0.01","2022-Q2"
"223","Add slide deck","casey","closed","true","feat","2022-06-27T22:24:36Z","2022-06-27T22:26:29Z","2022-06-27T22:26:29Z","0","2022-Q2"
"222","Change slot notation to AxBxCxD","casey","closed","true","other","2022-06-27T04:10:54Z","2022-06-27T10:12:50Z","2022-06-27T10:12:50Z","0.25","2022-Q2"
"221","Remove data_hash from metadata and make metadata a Vec<u8>","alok","closed","true","other","2022-06-27T02:59:24Z","2022-06-27T03:13:03Z","2022-06-27T03:13:03Z","0.01","2022-Q2"
"220","Remove data_hash from metadata","alok","closed","false","other","2022-06-27T02:57:27Z","","2022-06-27T03:42:53Z","0.03","2022-Q2"
"219","Remove use of sha256d in signature algorithm","casey","closed","true","other","2022-06-24T23:23:12Z","2022-06-24T23:27:02Z","2022-06-24T23:27:02Z","0","2022-Q2"
"218","Use WIF private keys and other improvements","terror","closed","true","other","2022-06-24T21:47:49Z","2022-06-24T22:00:45Z","2022-06-24T22:00:45Z","0.01","2022-Q2"
"217","Use CBOR for serialization/deserialization","terror","closed","true","other","2022-06-24T20:27:03Z","2022-06-24T20:36:00Z","2022-06-24T20:36:00Z","0.01","2022-Q2"
"214","Add nix flake","jurraca","closed","true","feat","2022-06-08T21:01:20Z","2022-06-08T23:16:59Z","2022-06-08T23:17:00Z","0.09","2022-Q2"
"213","Publish","casey","closed","true","other","2022-06-06T00:35:40Z","2022-06-06T00:48:59Z","2022-06-06T00:48:59Z","0.01","2022-Q2"
"212","Release 0.0.1","casey","closed","true","other","2022-06-05T19:48:21Z","2022-06-05T19:58:39Z","2022-06-05T19:58:39Z","0.01","2022-Q2"
"211","NFTS","casey","closed","true","other","2022-06-04T04:25:40Z","2022-06-05T19:40:45Z","2022-06-05T19:40:46Z","1.64","2022-Q2"
"208","Add legendary sat location hints","casey","closed","true","feat","2022-04-16T01:47:32Z","2022-04-17T23:05:45Z","2022-04-17T23:05:45Z","1.89","2022-Q2"
"206","Re-implement find","terror","closed","true","feat","2022-04-15T22:26:34Z","2022-04-15T23:00:21Z","2022-04-15T23:00:21Z","0.02","2022-Q2"
"205","Add explanation to bounty page","casey","closed","true","feat","2022-04-14T03:43:27Z","2022-04-14T03:49:43Z","2022-04-14T03:49:44Z","0","2022-Q2"
"204","Move bounty page to bounties/","casey","closed","true","other","2022-04-13T00:42:21Z","2022-04-13T00:53:24Z","2022-04-13T00:53:24Z","0.01","2022-Q2"
"203","Add ordinal bounties","terror","closed","true","feat","2022-04-13T00:29:41Z","2022-04-13T00:33:37Z","2022-04-13T00:33:37Z","0","2022-Q2"
"202","Add drawbacks section to BIP","casey","closed","true","feat","2022-04-12T08:38:18Z","2022-04-12T08:46:13Z","2022-04-12T08:46:13Z","0.01","2022-Q2"
"201","Open each LMDB database once","casey","closed","true","other","2022-03-29T01:00:29Z","2022-03-29T01:04:16Z","2022-03-29T01:04:16Z","0","2022-Q1"
"200","Remove log spam","casey","closed","true","other","2022-03-29T00:34:18Z","2022-03-29T01:11:16Z","2022-03-29T01:11:16Z","0.03","2022-Q1"
"199","Add serve-docs recipe","casey","closed","true","feat","2022-03-28T22:33:51Z","2022-03-29T00:36:47Z","2022-03-29T00:36:47Z","0.09","2022-Q1"
"198","Continuously index ranges","terror","closed","true","indexer","2022-03-25T23:29:31Z","2022-03-29T00:29:37Z","2022-03-29T00:29:37Z","3.04","2022-Q1"
"197","Add explanation to the website","casey","closed","true","feat","2022-03-25T23:19:57Z","2022-03-28T22:32:29Z","2022-03-28T22:32:29Z","2.97","2022-Q1"
"195","Put script tag in head with defer","casey","closed","true","other","2022-03-25T21:37:19Z","2022-03-25T21:46:32Z","2022-03-25T21:46:32Z","0.01","2022-Q1"
"194","Add ord frontend","terror","closed","true","feat","2022-03-21T23:17:05Z","2022-03-22T00:44:30Z","2022-03-22T00:44:30Z","0.06","2022-Q1"
"193","Run sever command","casey","closed","true","cli","2022-03-21T22:07:29Z","2022-03-21T23:00:52Z","2022-03-21T23:00:52Z","0.04","2022-Q1"
"192","Remove find command and KEY_TO_SATPOINT table","casey","closed","true","cli","2022-03-21T21:40:15Z","2022-03-21T22:01:26Z","2022-03-21T22:01:26Z","0.01","2022-Q1"
"191","Make checkout script check out correct branch","casey","closed","true","fix","2022-03-20T23:58:44Z","2022-03-21T00:00:40Z","2022-03-21T00:00:41Z","0","2022-Q1"
"187","Add deploy script","casey","closed","true","feat","2022-03-19T02:47:30Z","2022-03-19T03:22:05Z","2022-03-19T03:22:05Z","0.02","2022-Q1"
"186","Add ordinals.com website source","casey","closed","true","feat","2022-03-18T23:16:50Z","2022-03-18T23:18:09Z","2022-03-18T23:18:09Z","0","2022-Q1"
"185","Add ord server","terror","closed","true","api","2022-03-13T22:55:34Z","2022-03-19T22:58:25Z","2022-03-19T22:58:26Z","6","2022-Q1"
"184","Open LMDB database with WRITEMAP when not on MacOS","casey","closed","true","other","2022-03-13T04:39:31Z","2022-03-19T03:33:44Z","2022-03-19T03:33:44Z","5.95","2022-Q1"
"179","Try storing ordinal ranges in an append-only file","casey","closed","false","other","2022-03-06T05:16:09Z","","2022-03-12T22:12:26Z","6.71","2022-Q1"
"177","Add parallel LMDB database implementation","casey","closed","true","feat","2022-03-03T04:22:54Z","2022-03-13T00:52:17Z","2022-03-13T00:52:17Z","9.85","2022-Q1"
"176","Link to project board in readme","casey","closed","true","docs","2022-02-28T21:04:54Z","2022-02-28T21:14:14Z","2022-02-28T21:14:14Z","0.01","2022-Q1"
"169","Test null outputs and inputs","casey","closed","true","test","2022-02-24T07:26:12Z","2022-02-24T07:27:52Z","2022-02-24T07:27:52Z","0","2022-Q1"
"168","Log transaction indexing","casey","closed","true","other","2022-02-24T05:58:49Z","2022-02-24T06:00:04Z","2022-02-24T06:00:04Z","0","2022-Q1"
"164","Remove the acknowledgements section since it's still a draft","casey","closed","true","other","2022-02-23T00:39:51Z","2022-02-23T00:41:04Z","2022-02-23T00:41:04Z","0","2022-Q1"
"162","Add db size to `info` subcommand","terror","closed","true","cli","2022-02-21T23:41:00Z","2022-02-21T23:44:07Z","2022-02-21T23:44:07Z","0","2022-Q1"
"161","Document what happens to duplicate txids","casey","closed","true","other","2022-02-21T11:14:29Z","2022-02-21T11:18:08Z","2022-02-21T11:18:08Z","0","2022-Q1"
"160","Update to redb 0.0.5","cberner","closed","true","other","2022-02-21T05:44:02Z","2022-02-21T09:15:31Z","2022-02-21T09:15:31Z","0.15","2022-Q1"
"158","Terminology","casey","closed","true","other","2022-02-21T04:09:54Z","2022-02-21T04:12:55Z","2022-02-21T04:12:55Z","0","2022-Q1"
"156","Describe dust output avoidance workaround","casey","closed","true","other","2022-02-21T03:50:29Z","2022-02-21T03:55:52Z","2022-02-21T03:55:52Z","0","2022-Q1"
"154","Improve readme","casey","closed","true","docs","2022-02-21T03:05:06Z","2022-02-21T03:06:21Z","2022-02-21T03:06:21Z","0","2022-Q1"
"150","Improve find height check","casey","closed","true","other","2022-02-21T01:58:17Z","2022-02-21T01:59:23Z","2022-02-21T01:59:23Z","0","2022-Q1"
"149","Speed up find","casey","closed","true","other","2022-02-20T10:06:22Z","2022-02-21T01:26:52Z","2022-02-21T01:26:52Z","0.64","2022-Q1"
"147","Note that LN cannot be used to transfer individual ordinals","casey","closed","true","other","2022-02-19T23:35:44Z","2022-02-19T23:37:21Z","2022-02-19T23:37:21Z","0","2022-Q1"
"146","Print block transaction count","casey","closed","true","indexer","2022-02-19T09:01:26Z","2022-02-19T09:02:25Z","2022-02-19T09:02:25Z","0","2022-Q1"
"145","Replace structopt with clap 3.0","casey","closed","true","other","2022-02-19T08:13:03Z","2022-02-19T08:14:55Z","2022-02-19T08:14:55Z","0","2022-Q1"
"144","Use human readable bytes in info","casey","closed","true","other","2022-02-19T07:00:01Z","2022-02-19T07:01:22Z","2022-02-19T07:01:23Z","0","2022-Q1"
"143","Use redb::TableDefinition","casey","closed","true","other","2022-02-19T06:26:31Z","2022-02-19T06:28:19Z","2022-02-19T06:28:19Z","0","2022-Q1"
"142","Human readable bytes","casey","closed","true","other","2022-02-19T02:36:01Z","2022-02-19T06:34:49Z","2022-02-19T06:34:49Z","0.17","2022-Q1"
"141","Resume instead of restarting indexing","casey","closed","true","other","2022-02-19T02:10:44Z","2022-02-19T07:58:37Z","2022-02-19T07:58:37Z","0.24","2022-Q1"
"140","Work with live Bitcoin Core RPC API","casey","closed","true","api","2022-02-19T00:53:32Z","2022-02-19T01:26:50Z","2022-02-19T01:26:50Z","0.02","2022-Q1"
"139","Switch to JSON RPC API","casey","closed","true","api","2022-02-18T23:37:43Z","2022-02-19T00:30:21Z","2022-02-19T00:30:21Z","0.04","2022-Q1"
"138","Add stats subcommand","casey","closed","true","cli","2022-02-18T08:51:57Z","2022-02-19T06:56:23Z","2022-02-19T06:56:24Z","0.92","2022-Q1"
"137","Use json-rpc api","casey","closed","false","api","2022-02-17T22:02:01Z","","2022-02-19T00:54:19Z","1.12","2022-Q1"
"136","Test mining and spending transactions in the same block","terror","closed","true","indexer","2022-02-17T00:50:36Z","2022-02-17T00:52:56Z","2022-02-17T00:52:56Z","0","2022-Q1"
"135","Fix off by one error in log message","casey","closed","true","fix","2022-02-15T09:27:21Z","2022-02-15T09:28:31Z","2022-02-15T09:28:31Z","0","2022-Q1"
"134","Optimize index","casey","closed","true","indexer","2022-02-15T07:57:45Z","2022-02-15T09:18:47Z","2022-02-15T09:18:47Z","0.06","2022-Q1"
"133","Reference independent invention","casey","closed","true","other","2022-02-15T01:43:10Z","2022-02-15T01:44:49Z","2022-02-15T01:44:49Z","0","2022-Q1"
"132","Decode block header only in Index::index_blockfiles","casey","closed","true","indexer","2022-02-14T20:47:44Z","2022-02-14T20:50:13Z","2022-02-14T20:50:13Z","0","2022-Q1"
"131","Incremental index","terror","closed","true","indexer","2022-02-13T20:50:58Z","2022-02-16T23:51:06Z","2022-02-16T23:51:06Z","3.13","2022-Q1"
"130","Mention physical transfer of ordinals","casey","closed","true","other","2022-02-11T02:10:34Z","2022-02-11T02:11:37Z","2022-02-11T02:11:38Z","0","2022-Q1"
"129","Change BIP section order","casey","closed","true","other","2022-02-10T22:34:26Z","2022-02-10T22:35:43Z","2022-02-10T22:35:43Z","0","2022-Q1"
"128","Bip applications","casey","closed","false","other","2022-02-10T22:32:58Z","","2022-02-10T22:33:25Z","0","2022-Q1"
"127","Add applications to BIP","casey","closed","true","feat","2022-02-10T22:12:04Z","2022-02-10T22:28:55Z","2022-02-10T22:28:55Z","0.01","2022-Q1"
"125","Add index size estimate to readme","casey","closed","false","indexer","2022-02-09T23:46:33Z","","2022-02-10T00:41:05Z","0.04","2022-Q1"
"124","Test that index handles out-of-order blockfiles","casey","closed","true","indexer","2022-02-09T23:21:46Z","2022-02-09T23:25:14Z","2022-02-09T23:25:15Z","0","2022-Q1"
"122","Test fee assignment","terror","closed","true","wallet","2022-02-06T19:59:46Z","2022-02-06T21:40:04Z","2022-02-06T21:40:04Z","0.07","2022-Q1"
"121","Test underpaying subsidy","terror","closed","true","test","2022-02-06T19:11:17Z","2022-02-06T19:27:02Z","2022-02-06T19:27:03Z","0.01","2022-Q1"
"120","Allow passing in index size","terror","closed","true","indexer","2022-02-06T18:50:56Z","2022-02-06T18:56:38Z","2022-02-06T18:56:39Z","0","2022-Q1"
"117","Add draft BIP","casey","closed","true","feat","2022-02-06T17:47:52Z","2022-02-10T21:27:51Z","2022-02-10T21:27:51Z","4.15","2022-Q1"
"114","Use redb 0.0.4","casey","closed","true","other","2022-02-05T01:16:19Z","2022-02-05T01:25:25Z","2022-02-05T01:25:25Z","0.01","2022-Q1"
"113","Duplicate transaction range test","terror","closed","true","test","2022-02-04T23:23:05Z","2022-02-04T23:30:13Z","2022-02-04T23:30:13Z","0","2022-Q1"
"111","Add Benchmark","casey","closed","true","feat","2022-02-04T21:38:54Z","2022-02-13T19:41:27Z","2022-02-13T19:41:27Z","8.92","2022-Q1"
"96","Split Index::index_blockfiles into two parts","casey","closed","true","indexer","2022-02-01T22:09:47Z","2022-02-01T22:19:10Z","2022-02-01T22:19:10Z","0.01","2022-Q1"
"95","Allow invalid ordinals","casey","closed","true","other","2022-02-01T10:25:30Z","2022-02-01T11:01:33Z","2022-02-01T11:01:33Z","0.03","2022-Q1"
"91","Un hardcode genesis block","casey","closed","true","indexer","2022-02-01T08:09:59Z","2022-02-01T09:31:32Z","2022-02-01T09:31:33Z","0.06","2022-Q1"
"90","Rename index_blockfile","casey","closed","true","other","2022-02-01T08:01:28Z","2022-02-01T08:29:09Z","2022-02-01T08:29:09Z","0.02","2022-Q1"
"89","Pin redb","casey","closed","true","other","2022-02-01T07:47:49Z","2022-02-01T08:20:09Z","2022-02-01T08:20:09Z","0.02","2022-Q1"
"88","Progress","casey","closed","true","other","2022-02-01T07:27:30Z","2022-02-01T07:42:56Z","2022-02-01T07:42:56Z","0.01","2022-Q1"
"87","Index multiple blockfiles","casey","closed","true","indexer","2022-02-01T03:03:37Z","2022-02-01T07:18:06Z","2022-02-01T07:18:06Z","0.18","2022-Q1"
"86","Fix empty block crash","casey","closed","true","indexer","2022-02-01T02:42:54Z","2022-02-01T02:55:11Z","2022-02-01T02:55:11Z","0.01","2022-Q1"
"82","Refactor test api","terror","closed","true","api","2022-01-31T23:20:41Z","2022-02-01T01:34:35Z","2022-02-01T01:34:36Z","0.09","2022-Q1"
"70","More integration cleanup","casey","closed","true","refactor","2022-01-29T09:30:39Z","2022-01-31T21:20:26Z","2022-01-31T21:20:26Z","2.49","2022-Q1"
"68","Refactor test block creation","terror","closed","true","indexer","2022-01-28T23:38:53Z","2022-01-29T00:37:07Z","2022-01-29T00:37:07Z","0.04","2022-Q1"
"60","Make find command follow subsequent transactions","casey","closed","true","cli","2022-01-22T00:26:52Z","2022-01-28T23:24:51Z","2022-01-28T23:24:51Z","6.96","2022-Q1"
"58","Ignore database","casey","closed","true","other","2022-01-21T23:10:50Z","2022-01-21T23:18:24Z","2022-01-21T23:18:24Z","0.01","2022-Q1"
"57","Make find command print satpoints instead of outpoints","casey","closed","true","cli","2022-01-21T23:07:37Z","2022-01-21T23:13:44Z","2022-01-21T23:13:44Z","0","2022-Q1"
"53","Use ordinal terminology in transfer algorithm pseudocode","casey","closed","true","other","2022-01-20T01:47:44Z","2022-01-20T01:54:02Z","2022-01-20T01:54:02Z","0","2022-Q1"
"51","Add epoch trait","casey","closed","true","feat","2022-01-19T23:53:36Z","2022-01-19T23:55:33Z","2022-01-19T23:55:33Z","0","2022-Q1"
"48","Add Ordinal struct","casey","closed","true","feat","2022-01-18T21:05:51Z","2022-01-19T23:50:00Z","2022-01-19T23:50:00Z","1.11","2022-Q1"
"47","Add Index struct","casey","closed","true","indexer","2022-01-18T20:39:11Z","2022-01-18T20:41:05Z","2022-01-18T20:41:05Z","0","2022-Q1"
"46","Use ordinal number terminology","casey","closed","true","other","2022-01-18T00:26:21Z","2022-01-18T00:28:17Z","2022-01-18T00:28:17Z","0","2022-Q1"
"45","Number satoshis in ascending order","casey","closed","true","other","2022-01-17T22:57:49Z","2022-01-17T23:53:53Z","2022-01-17T23:53:53Z","0.04","2022-Q1"
"42","Blocksdir default","casey","closed","true","other","2022-01-14T04:38:04Z","2022-01-14T04:47:39Z","2022-01-14T04:47:39Z","0.01","2022-Q1"
"40","Update dependencies","casey","closed","true","other","2022-01-14T04:19:05Z","2022-01-14T04:21:33Z","2022-01-14T04:21:33Z","0","2022-Q1"
"36","Create illusive and cursed traits","casey","closed","true","other","2022-01-14T03:57:38Z","2022-01-14T03:59:48Z","2022-01-14T03:59:48Z","0","2022-Q1"
"35","Character","casey","closed","true","other","2022-01-14T03:48:37Z","2022-01-14T03:51:36Z","2022-01-14T03:51:36Z","0","2022-Q1"
"34","Question","casey","closed","true","other","2022-01-14T03:19:26Z","2022-01-14T03:24:15Z","2022-01-14T03:24:15Z","0","2022-Q1"
"33","Use descending numbering scheme","casey","closed","true","other","2022-01-14T03:05:29Z","2022-01-14T03:12:53Z","2022-01-14T03:12:53Z","0.01","2022-Q1"
"30","Lucky","casey","closed","true","other","2022-01-10T22:47:27Z","2022-01-10T22:49:37Z","2022-01-10T22:49:37Z","0","2022-Q1"
"29","Add lucky trait","casey","closed","true","feat","2022-01-10T21:30:41Z","2022-01-10T22:34:11Z","2022-01-10T22:34:12Z","0.04","2022-Q1"
"28","Add shiny trait","casey","closed","true","feat","2022-01-10T21:27:29Z","2022-01-10T21:29:10Z","2022-01-10T21:29:10Z","0","2022-Q1"
"27","Add command to find satoshi with a given name","casey","closed","true","cli","2022-01-10T20:07:11Z","2022-01-10T21:21:54Z","2022-01-10T21:21:54Z","0.05","2022-Q1"
"25","Add more traits","casey","closed","true","feat","2022-01-10T19:02:21Z","2022-01-10T19:14:09Z","2022-01-10T19:14:10Z","0.01","2022-Q1"
"24","Add Traits","casey","closed","true","feat","2022-01-10T17:33:51Z","2022-01-10T17:38:14Z","2022-01-10T17:38:14Z","0","2022-Q1"
"22","Reorganize everything and expand readme","casey","closed","true","docs","2022-01-09T03:53:03Z","2022-01-09T03:57:05Z","2022-01-09T03:57:05Z","0","2022-Q1"
"21","Rename to sat-tracker","casey","closed","true","other","2022-01-09T02:39:41Z","2022-01-09T02:42:34Z","2022-01-09T02:42:34Z","0","2022-Q1"
"20","Implement find-satoshi command","casey","closed","true","cli","2021-12-29T01:53:20Z","2022-01-06T05:38:56Z","2022-01-06T05:38:56Z","8.16","2021-Q4"
"17","Catalog","casey","closed","false","other","2021-12-14T11:29:46Z","","2022-01-09T03:56:55Z","25.69","2021-Q4"
"12","Add justfile and catalog recipe","casey","closed","true","feat","2021-12-13T01:12:56Z","2021-12-13T01:16:16Z","2021-12-13T01:16:17Z","0","2021-Q4"
"10","Organize code","casey","closed","true","other","2021-12-12T13:06:14Z","2021-12-12T13:10:07Z","2021-12-12T13:10:08Z","0","2021-Q4"
"9","Add supply command","casey","closed","true","cli","2021-12-12T12:40:14Z","2021-12-12T12:43:40Z","2021-12-12T12:43:40Z","0","2021-Q4"
"2","Track atom locations","casey","closed","true","other","2021-12-12T09:32:42Z","2021-12-12T10:06:25Z","2021-12-12T10:06:26Z","0.02","2021-Q4"
"1","Add Rust binary and CI workflow","casey","closed","true","feat","2021-12-12T08:54:19Z","2021-12-12T09:02:23Z","2021-12-12T09:02:23Z","0.01","2021-Q4"